{
	"elements": [
		{
			"weight": 1.0,
			"key": {
				"Type": "block",
				"Name": "hauntedharvest:blocks/candy_bag"
			}
		},
		{
			"weight": 1.0,
			"key": {
				"Type": "block",
				"Name": "hauntedharvest:blocks/carved_pumpkin"
			}
		},
		{
			"weight": 1.0,
			"key": {
				"Type": "block",
				"Name": "hauntedharvest:blocks/corn_base"
			}
		},
		{
			"weight": 1.0,
			"key": {
				"Type": "block",
				"Name": "hauntedharvest:blocks/corn_crate"
			}
		},
		{
			"weight": 1.0,
			"key": {
				"Type": "block",
				"Name": "hauntedharvest:blocks/corn_middle"
			}
		},
		{
			"weight": 1.0,
			"key": {
				"Type": "block",
				"Name": "hauntedharvest:blocks/corn_top"
			}
		},
		{
			"weight": 1.0,
			"key": {
				"Type": "block",
				"Name": "hauntedharvest:blocks/jack_o_lantern"
			}
		},
		{
			"weight": 1.0,
			"key": {
				"Type": "block",
				"Name": "hauntedharvest:blocks/paper_bag"
			}
		},
		{
			"weight": 1.0,
			"key": {
				"Type": "block",
				"Name": "hauntedharvest:blocks/potted_corn"
			}
		},
		{
			"weight": 1.0,
			"key": {
				"Type": "chest",
				"Name": "hauntedharvest:chests/abandoned_farm/animal_equipment"
			}
		},
		{
			"weight": 1.0,
			"key": {
				"Type": "chest",
				"Name": "hauntedharvest:chests/abandoned_farm/rare_animal_food"
			}
		}
	]
}
