{
  "elements": [
    {
      "key": {
        "blocks": 2,
        "block_1": {
          "Name": "minecraft:wheat"
        },
        "block_0": {
          "Name": "minecraft:farmland"
        },
        "needsWater": true
      },
      "weight": 1.0
    },
    {
      "key": {
        "blocks": 2,
        "block_1": {
          "Name": "minecraft:carrots"
        },
        "block_0": {
          "Name": "minecraft:farmland"
        },
        "needsWater": true
      },
      "weight": 1.0
    },
    {
      "key": {
        "blocks": 2,
        "block_1": {
          "Name": "minecraft:potatoes"
        },
        "block_0": {
          "Name": "minecraft:farmland"
        },
        "needsWater": true
      },
      "weight": 1.0
    },
    {
      "key": {
        "blocks": 2,
        "block_1": {
          "Name": "minecraft:beetroots"
        },
        "block_0": {
          "Name": "minecraft:farmland"
        },
        "needsWater": true
      },
      "weight": 1.0
    },
    {
      "key": {
        "blocks": 2,
        "block_1": {
          "Name": "minecraft:melon_stem"
        },
        "block_0": {
          "Name": "minecraft:farmland"
        },
        "needsWater": true
      },
      "weight": 1.0
    },
    {
      "key": {
        "blocks": 2,
        "block_1": {
          "Name": "minecraft:pumpkin_stem"
        },
        "block_0": {
          "Name": "minecraft:farmland"
        },
        "needsWater": true
      },
      "weight": 1.0
    },
    {
      "key": {
        "blocks": 2,
        "block_1": {
          "Name": "minecraft:torchflower_crop"
        },
        "block_0": {
          "Name": "minecraft:farmland"
        },
        "needsWater": true
      },
      "weight": 1.0
    },
    {
      "key": {
        "blocks": 2,
        "block_1": {
          "Name": "minecraft:pitcher_crop"
        },
        "block_0": {
          "Name": "minecraft:farmland"
        },
        "needsWater": true
      },
      "weight": 1.0
    },
    {
      "key": {
        "blocks": 2,
        "block_1": {
          "Name": "minecraft:sugar_cane"
        },
        "block_0": {
          "Name": "minecraft:sand"
        },
        "needsWater": true
      },
      "weight": 1.0
    },
    {
      "key": {
        "blocks": 2,
        "block_1": {
          "Name": "minecraft:sweet_berry_bush"
        },
        "block_0": {
          "Name": "minecraft:grass_block"
        },
        "needsWater": false
      },
      "weight": 1.0
    }
  ]
}
