{
	"elements": [
		{
			"weight": 1.0,
			"key": {
				"Category": "beneficial",
				"Color": 2445989,
				"Instant": false,
				"Name": "minecraft:absorption"
			}
		},
		{
			"weight": 1.0,
			"key": {
				"Category": "neutral",
				"Color": 745784,
				"Instant": false,
				"Name": "minecraft:bad_omen"
			}
		},
		{
			"weight": 1.0,
			"key": {
				"Category": "harmful",
				"Color": 2039587,
				"Instant": false,
				"Name": "minecraft:blindness"
			}
		},
		{
			"weight": 1.0,
			"key": {
				"Category": "beneficial",
				"Color": 1950417,
				"Instant": false,
				"Name": "minecraft:conduit_power"
			}
		},
		{
			"weight": 1.0,
			"key": {
				"Category": "harmful",
				"Color": 2696993,
				"Instant": false,
				"Name": "minecraft:darkness"
			}
		},
		{
			"weight": 1.0,
			"key": {
				"Category": "beneficial",
				"Color": 8954814,
				"Instant": false,
				"Name": "minecraft:dolphins_grace"
			}
		},
		{
			"weight": 1.0,
			"key": {
				"Category": "beneficial",
				"Color": 16750848,
				"Instant": false,
				"Name": "minecraft:fire_resistance"
			}
		},
		{
			"weight": 1.0,
			"key": {
				"Category": "neutral",
				"Color": 9740385,
				"Instant": false,
				"Name": "minecraft:glowing"
			}
		},
		{
			"weight": 1.0,
			"key": {
				"Category": "beneficial",
				"Color": 14270531,
				"Instant": false,
				"Name": "minecraft:haste"
			}
		},
		{
			"weight": 1.0,
			"key": {
				"Category": "beneficial",
				"Color": 16284963,
				"Instant": false,
				"Name": "minecraft:health_boost"
			}
		},
		{
			"weight": 1.0,
			"key": {
				"Category": "beneficial",
				"Color": 4521796,
				"Instant": false,
				"Name": "minecraft:hero_of_the_village"
			}
		},
		{
			"weight": 1.0,
			"key": {
				"Category": "harmful",
				"Color": 5797459,
				"Instant": false,
				"Name": "minecraft:hunger"
			}
		},
		{
			"weight": 1.0,
			"key": {
				"Category": "harmful",
				"Color": 9214860,
				"Instant": false,
				"Name": "minecraft:infested"
			}
		},
		{
			"weight": 1.0,
			"key": {
				"Category": "harmful",
				"Color": 11101546,
				"Instant": true,
				"Name": "minecraft:instant_damage"
			}
		},
		{
			"weight": 1.0,
			"key": {
				"Category": "beneficial",
				"Color": 16262179,
				"Instant": true,
				"Name": "minecraft:instant_health"
			}
		},
		{
			"weight": 1.0,
			"key": {
				"Category": "beneficial",
				"Color": 16185078,
				"Instant": false,
				"Name": "minecraft:invisibility"
			}
		},
		{
			"weight": 1.0,
			"key": {
				"Category": "beneficial",
				"Color": 16646020,
				"Instant": false,
				"Name": "minecraft:jump_boost"
			}
		},
		{
			"weight": 1.0,
			"key": {
				"Category": "harmful",
				"Color": 13565951,
				"Instant": false,
				"Name": "minecraft:levitation"
			}
		},
		{
			"weight": 1.0,
			"key": {
				"Category": "beneficial",
				"Color": 5882118,
				"Instant": false,
				"Name": "minecraft:luck"
			}
		},
		{
			"weight": 1.0,
			"key": {
				"Category": "harmful",
				"Color": 4866583,
				"Instant": false,
				"Name": "minecraft:mining_fatigue"
			}
		},
		{
			"weight": 1.0,
			"key": {
				"Category": "harmful",
				"Color": 5578058,
				"Instant": false,
				"Name": "minecraft:nausea"
			}
		},
		{
			"weight": 1.0,
			"key": {
				"Category": "beneficial",
				"Color": 12779366,
				"Instant": false,
				"Name": "minecraft:night_vision"
			}
		},
		{
			"weight": 1.0,
			"key": {
				"Category": "harmful",
				"Color": 10092451,
				"Instant": false,
				"Name": "minecraft:oozing"
			}
		},
		{
			"weight": 1.0,
			"key": {
				"Category": "harmful",
				"Color": 8889187,
				"Instant": false,
				"Name": "minecraft:poison"
			}
		},
		{
			"weight": 1.0,
			"key": {
				"Category": "neutral",
				"Color": 14565464,
				"Instant": false,
				"Name": "minecraft:raid_omen"
			}
		},
		{
			"weight": 1.0,
			"key": {
				"Category": "beneficial",
				"Color": 13458603,
				"Instant": false,
				"Name": "minecraft:regeneration"
			}
		},
		{
			"weight": 1.0,
			"key": {
				"Category": "beneficial",
				"Color": 9520880,
				"Instant": false,
				"Name": "minecraft:resistance"
			}
		},
		{
			"weight": 1.0,
			"key": {
				"Category": "beneficial",
				"Color": 16262179,
				"Instant": true,
				"Name": "minecraft:saturation"
			}
		},
		{
			"weight": 1.0,
			"key": {
				"Category": "beneficial",
				"Color": 15978425,
				"Instant": false,
				"Name": "minecraft:slow_falling"
			}
		},
		{
			"weight": 1.0,
			"key": {
				"Category": "harmful",
				"Color": 9154528,
				"Instant": false,
				"Name": "minecraft:slowness"
			}
		},
		{
			"weight": 1.0,
			"key": {
				"Category": "beneficial",
				"Color": 3402751,
				"Instant": false,
				"Name": "minecraft:speed"
			}
		},
		{
			"weight": 1.0,
			"key": {
				"Category": "beneficial",
				"Color": 16762624,
				"Instant": false,
				"Name": "minecraft:strength"
			}
		},
		{
			"weight": 1.0,
			"key": {
				"Category": "neutral",
				"Color": 1484454,
				"Instant": false,
				"Name": "minecraft:trial_omen"
			}
		},
		{
			"weight": 1.0,
			"key": {
				"Category": "harmful",
				"Color": 12624973,
				"Instant": false,
				"Name": "minecraft:unluck"
			}
		},
		{
			"weight": 1.0,
			"key": {
				"Category": "beneficial",
				"Color": 10017472,
				"Instant": false,
				"Name": "minecraft:water_breathing"
			}
		},
		{
			"weight": 1.0,
			"key": {
				"Category": "harmful",
				"Color": 4738376,
				"Instant": false,
				"Name": "minecraft:weakness"
			}
		},
		{
			"weight": 1.0,
			"key": {
				"Category": "harmful",
				"Color": 7891290,
				"Instant": false,
				"Name": "minecraft:weaving"
			}
		},
		{
			"weight": 1.0,
			"key": {
				"Category": "harmful",
				"Color": 12438015,
				"Instant": false,
				"Name": "minecraft:wind_charged"
			}
		},
		{
			"weight": 1.0,
			"key": {
				"Category": "harmful",
				"Color": 7561558,
				"Instant": false,
				"Name": "minecraft:wither"
			}
		}
	]
}
