{
	"elements": [
		{
			"weight": 1.0,
			"key": "supplementaries:air_burst"
		},
		{
			"weight": 1.0,
			"key": "supplementaries:ash"
		},
		{
			"weight": 1.0,
			"key": "supplementaries:bomb_explosion"
		},
		{
			"weight": 1.0,
			"key": "supplementaries:bomb_explosion_emitter"
		},
		{
			"weight": 1.0,
			"key": "supplementaries:bomb_smoke"
		},
		{
			"weight": 1.0,
			"key": "supplementaries:bottling_xp"
		},
		{
			"weight": 1.0,
			"key": "supplementaries:bubble_block"
		},
		{
			"weight": 1.0,
			"key": "supplementaries:confetti"
		},
		{
			"weight": 1.0,
			"key": "supplementaries:dripping_liquid"
		},
		{
			"weight": 1.0,
			"key": "supplementaries:falling_liquid"
		},
		{
			"weight": 1.0,
			"key": "supplementaries:feather"
		},
		{
			"weight": 1.0,
			"key": "supplementaries:green_flame"
		},
		{
			"weight": 1.0,
			"key": "supplementaries:rotation_trail"
		},
		{
			"weight": 1.0,
			"key": "supplementaries:rotation_trail_emitter"
		},
		{
			"weight": 1.0,
			"key": "supplementaries:sparkle"
		},
		{
			"weight": 1.0,
			"key": "supplementaries:speaker_sound"
		},
		{
			"weight": 1.0,
			"key": "supplementaries:splashing_liquid"
		},
		{
			"weight": 1.0,
			"key": "supplementaries:stasis"
		},
		{
			"weight": 1.0,
			"key": "supplementaries:streamer"
		},
		{
			"weight": 1.0,
			"key": "supplementaries:suds"
		},
		{
			"weight": 1.0,
			"key": "supplementaries:sugar"
		},
		{
			"weight": 1.0,
			"key": "supplementaries:wind_stream"
		}
	]
}
