{
	"elements": [
		{
			"weight": 1.0,
			"key": {
				"Type": "chest",
				"Name": "betterstrongholds:chests/armoury"
			}
		},
		{
			"weight": 1.0,
			"key": {
				"Type": "chest",
				"Name": "betterstrongholds:chests/cmd_yung"
			}
		},
		{
			"weight": 1.0,
			"key": {
				"Type": "chest",
				"Name": "betterstrongholds:chests/common"
			}
		},
		{
			"weight": 1.0,
			"key": {
				"Type": "chest",
				"Name": "betterstrongholds:chests/crypt"
			}
		},
		{
			"weight": 1.0,
			"key": {
				"Type": "chest",
				"Name": "betterstrongholds:chests/grand_library"
			}
		},
		{
			"weight": 1.0,
			"key": {
				"Type": "chest",
				"Name": "betterstrongholds:chests/library_md"
			}
		},
		{
			"weight": 1.0,
			"key": {
				"Type": "chest",
				"Name": "betterstrongholds:chests/mess"
			}
		},
		{
			"weight": 1.0,
			"key": {
				"Type": "chest",
				"Name": "betterstrongholds:chests/prison_lg"
			}
		},
		{
			"weight": 1.0,
			"key": {
				"Type": "chest",
				"Name": "betterstrongholds:chests/trap"
			}
		},
		{
			"weight": 1.0,
			"key": {
				"Type": "chest",
				"Name": "betterstrongholds:chests/treasure"
			}
		}
	]
}
