{
  "infinity_version": 2004002,
  "options": {
    "portal_color": 255,
    "shader": {
      "targets": [
        "swap"
      ],
      "passes": [
        {
          "name": "color_convolve",
          "intarget": "minecraft:main",
          "outtarget": "swap",
          "uniforms": [
            {
              "name": "RedMatrix",
              "values": [ 0.7, 0.0, 0.0 ]
            },
            {
              "name": "GreenMatrix",
              "values": [ 0.0, 0.7, 0.0 ]
            },
            {
              "name": "BlueMatrix",
              "values": [ 0.7, 0.7, 1.0 ]
            }
          ]
        },
        {
          "name": "blit",
          "intarget": "swap",
          "outtarget": "minecraft:main"
        }
      ]
    }
  },
  "generator": {
    "type": "minecraft:noise",
    "settings": {
      "sea_level": 25,
      "disable_mob_generation": false,
      "ore_veins_enabled": false,
      "aquifers_enabled": false,
      "legacy_random_source": false,
      "default_block": {
        "Name": "minecraft:stone"
      },
      "default_fluid": {
        "Name": "minecraft:water"
      },
      "spawn_target": [],
      "noise": {
        "min_y": 0,
        "height": 256,
        "size_horizontal": 2,
        "size_vertical": 2
      },
      "noise_router": {
        "vein_ridged": "infinity:vein_ridged",
        "fluid_level_spread": 0.0,
        "vegetation": "infinity:vegetation",
        "vein_gap": "infinity:vein_gap",
        "continents": "minecraft:overworld/continents",
        "initial_density_without_jaggedness": {
          "argument1": {
            "to_y": 64,
            "from_value": 1.0,
            "to_value": -1.0,
            "from_y": 0,
            "type": "minecraft:y_clamped_gradient"
          },
          "argument2": {
            "type": "minecraft:mul",
            "argument1": 0.1,
            "argument2": {
              "type": "minecraft:noise",
              "noise": "infinity:noise",
              "xz_scale": 1.0,
              "y_scale": 1.0
            }
          },
          "type": "minecraft:add"
        },
        "lava": 0.0,
        "barrier": 0.0,
        "depth": {
          "from_value": 1.5,
          "to_y": 256,
          "to_value": -1.5,
          "type": "minecraft:y_clamped_gradient",
          "from_y": 0
        },
        "ridges": "minecraft:overworld/ridges",
        "erosion": "minecraft:overworld/erosion",
        "temperature": "infinity:temperature",
        "final_density": {
          "argument1": {
            "to_y": 128,
            "from_value": 1.0,
            "to_value": -1.0,
            "from_y": 0,
            "type": "minecraft:y_clamped_gradient"
          },
          "argument2": {
            "type": "minecraft:mul",
            "argument1": 0.1,
            "argument2": {
              "type": "minecraft:noise",
              "noise": "infinity:noise",
              "xz_scale": 1.0,
              "y_scale": 1.0
            }
          },
          "type": "minecraft:add"
        },
        "vein_toggle": "infinity:vein_toggle",
        "fluid_level_floodedness": 0.0
      },
      "surface_rule": {
        "sequence": [
          {
            "type": "minecraft:condition",
            "if_true": {
              "invert": {
                "surface_depth_multiplier": 0,
                "anchor": {
                  "absolute": 1
                },
                "type": "y_above",
                "add_stone_depth": false
              },
              "type": "minecraft:not"
            },
            "then_run": {
              "type": "minecraft:block",
              "result_state": {
                "Name": "minecraft:bedrock"
              }
            }
          },
          {
            "type": "minecraft:condition",
            "if_true": {
              "add_surface_depth": false,
              "offset": 0,
              "secondary_depth_range": 0,
              "type": "minecraft:stone_depth",
              "surface_type": "floor"
            },
            "then_run": {
              "type": "minecraft:condition",
              "if_true": {
                "surface_depth_multiplier": 0,
                "offset": -1,
                "type": "minecraft:water",
                "add_stone_depth": false
              },
              "then_run": {
                "sequence": [
                  {
                    "type": "minecraft:condition",
                    "if_true": {
                      "surface_depth_multiplier": 0,
                      "offset": 0,
                      "type": "minecraft:water",
                      "add_stone_depth": false
                    },
                    "then_run": {
                      "type": "minecraft:block",
                      "result_state": {
                        "Properties": {
                          "snowy": "false"
                        },
                        "Name": "minecraft:grass_block"
                      }
                    }
                  },
                  {
                    "type": "minecraft:block",
                    "result_state": {
                      "Name": "minecraft:dirt"
                    }
                  }
                ],
                "type": "minecraft:sequence"
              }
            }
          },
          {
            "type": "minecraft:condition",
            "if_true": {
              "surface_depth_multiplier": -1,
              "offset": -6,
              "type": "minecraft:water",
              "add_stone_depth": true
            },
            "then_run": {
              "sequence": [
                {
                  "type": "minecraft:condition",
                  "if_true": {
                    "add_surface_depth": true,
                    "offset": 0,
                    "secondary_depth_range": 0,
                    "type": "minecraft:stone_depth",
                    "surface_type": "floor"
                  },
                  "then_run": {
                    "sequence": [
                      {
                        "type": "minecraft:block",
                        "result_state": {
                          "Name": "minecraft:dirt"
                        }
                      }
                    ],
                    "type": "minecraft:sequence"
                  }
                }
              ],
              "type": "minecraft:sequence"
            }
          },
          {
            "type": "minecraft:condition",
            "if_true": {
              "add_surface_depth": false,
              "offset": 0,
              "secondary_depth_range": 0,
              "type": "minecraft:stone_depth",
              "surface_type": "floor"
            },
            "then_run": {
              "sequence": [
                {
                  "type": "minecraft:condition",
                  "if_true": {
                    "add_surface_depth": false,
                    "offset": 0,
                    "secondary_depth_range": 0,
                    "type": "minecraft:stone_depth",
                    "surface_type": "ceiling"
                  },
                  "then_run": {
                    "type": "minecraft:block",
                    "result_state": {
                      "Name": "minecraft:stone"
                    }
                  }
                },
                {
                  "type": "minecraft:block",
                  "result_state": {
                    "Name": "minecraft:gravel"
                  }
                }
              ],
              "type": "minecraft:sequence"
            }
          }
        ],
        "type": "minecraft:sequence"
      }
    },
    "biome_source": {
      "type": "fixed",
      "biome": "minecraft:forest"
    }
  }
}
