{
	"elements": [
		{
			"weight": 1.0,
			"key": "avaritia:amethyst_singularity"
		},
		{
			"weight": 1.0,
			"key": "avaritia:compressed_crafting_table"
		},
		{
			"weight": 1.0,
			"key": "avaritia:compressor"
		},
		{
			"weight": 1.0,
			"key": "avaritia:copper_singularity"
		},
		{
			"weight": 1.0,
			"key": "avaritia:cosmic_meatballs"
		},
		{
			"weight": 1.0,
			"key": "avaritia:crystal_matrix_block"
		},
		{
			"weight": 1.0,
			"key": "avaritia:crystal_matrix_ingot"
		},
		{
			"weight": 1.0,
			"key": "avaritia:diamond_lattice"
		},
		{
			"weight": 1.0,
			"key": "avaritia:diamond_singularity"
		},
		{
			"weight": 1.0,
			"key": "avaritia:double_compressed_crafting_table"
		},
		{
			"weight": 1.0,
			"key": "avaritia:emerald_singularity"
		},
		{
			"weight": 1.0,
			"key": "avaritia:endest_pearl"
		},
		{
			"weight": 1.0,
			"key": "avaritia:extreme_crafting_table"
		},
		{
			"weight": 1.0,
			"key": "avaritia:gold_singularity"
		},
		{
			"weight": 1.0,
			"key": "avaritia:infinity_axe"
		},
		{
			"weight": 1.0,
			"key": "avaritia:infinity_block"
		},
		{
			"weight": 1.0,
			"key": "avaritia:infinity_boots"
		},
		{
			"weight": 1.0,
			"key": "avaritia:infinity_bow"
		},
		{
			"weight": 1.0,
			"key": "avaritia:infinity_catalyst"
		},
		{
			"weight": 1.0,
			"key": "avaritia:infinity_chest"
		},
		{
			"weight": 1.0,
			"key": "avaritia:infinity_chestplate"
		},
		{
			"weight": 1.0,
			"key": "avaritia:infinity_helmet"
		},
		{
			"weight": 1.0,
			"key": "avaritia:infinity_hoe"
		},
		{
			"weight": 1.0,
			"key": "avaritia:infinity_ingot"
		},
		{
			"weight": 1.0,
			"key": "avaritia:infinity_leggings"
		},
		{
			"weight": 1.0,
			"key": "avaritia:infinity_pickaxe"
		},
		{
			"weight": 1.0,
			"key": "avaritia:infinity_shovel"
		},
		{
			"weight": 1.0,
			"key": "avaritia:infinity_singularity"
		},
		{
			"weight": 1.0,
			"key": "avaritia:infinity_sword"
		},
		{
			"weight": 1.0,
			"key": "avaritia:iron_singularity"
		},
		{
			"weight": 1.0,
			"key": "avaritia:json_singularity"
		},
		{
			"weight": 1.0,
			"key": "avaritia:lapis_singularity"
		},
		{
			"weight": 1.0,
			"key": "avaritia:matter_cluster"
		},
		{
			"weight": 1.0,
			"key": "avaritia:netherite_singularity"
		},
		{
			"weight": 1.0,
			"key": "avaritia:neutron_collector"
		},
		{
			"weight": 1.0,
			"key": "avaritia:neutron_nugget"
		},
		{
			"weight": 1.0,
			"key": "avaritia:neutron_pile"
		},
		{
			"weight": 1.0,
			"key": "avaritia:neutronium_block"
		},
		{
			"weight": 1.0,
			"key": "avaritia:neutronium_ingot"
		},
		{
			"weight": 1.0,
			"key": "avaritia:quartz_singularity"
		},
		{
			"weight": 1.0,
			"key": "avaritia:record_fragment"
		},
		{
			"weight": 1.0,
			"key": "avaritia:redstone_singularity"
		},
		{
			"weight": 1.0,
			"key": "avaritia:skullfire_sword"
		},
		{
			"weight": 1.0,
			"key": "avaritia:ultimate_stew"
		}
	]
}
