{
	"elements": [
		{
			"weight": 1.0,
			"key": "betterarcheology:archeology_table"
		},
		{
			"weight": 1.0,
			"key": "betterarcheology:artifact_shards"
		},
		{
			"weight": 1.0,
			"key": "betterarcheology:bomb"
		},
		{
			"weight": 1.0,
			"key": "betterarcheology:chicken_fossil"
		},
		{
			"weight": 1.0,
			"key": "betterarcheology:chicken_fossil_body"
		},
		{
			"weight": 1.0,
			"key": "betterarcheology:chicken_fossil_head"
		},
		{
			"weight": 1.0,
			"key": "betterarcheology:chiseled_bone_block"
		},
		{
			"weight": 1.0,
			"key": "betterarcheology:cracked_mud_brick_slab"
		},
		{
			"weight": 1.0,
			"key": "betterarcheology:cracked_mud_brick_stairs"
		},
		{
			"weight": 1.0,
			"key": "betterarcheology:cracked_mud_bricks"
		},
		{
			"weight": 1.0,
			"key": "betterarcheology:creeper_fossil"
		},
		{
			"weight": 1.0,
			"key": "betterarcheology:creeper_fossil_body"
		},
		{
			"weight": 1.0,
			"key": "betterarcheology:creeper_fossil_head"
		},
		{
			"weight": 1.0,
			"key": "betterarcheology:diamond_brush"
		},
		{
			"weight": 1.0,
			"key": "betterarcheology:evoker_trap"
		},
		{
			"weight": 1.0,
			"key": "betterarcheology:fossiliferous_dirt"
		},
		{
			"weight": 1.0,
			"key": "betterarcheology:growth_totem"
		},
		{
			"weight": 1.0,
			"key": "betterarcheology:guardian_fossil"
		},
		{
			"weight": 1.0,
			"key": "betterarcheology:guardian_fossil_body"
		},
		{
			"weight": 1.0,
			"key": "betterarcheology:guardian_fossil_head"
		},
		{
			"weight": 1.0,
			"key": "betterarcheology:infested_mud_bricks"
		},
		{
			"weight": 1.0,
			"key": "betterarcheology:iron_brush"
		},
		{
			"weight": 1.0,
			"key": "betterarcheology:loot_vase"
		},
		{
			"weight": 1.0,
			"key": "betterarcheology:loot_vase_creeper"
		},
		{
			"weight": 1.0,
			"key": "betterarcheology:loot_vase_green"
		},
		{
			"weight": 1.0,
			"key": "betterarcheology:music_disc_swings"
		},
		{
			"weight": 1.0,
			"key": "betterarcheology:netherite_brush"
		},
		{
			"weight": 1.0,
			"key": "betterarcheology:ocelot_fossil"
		},
		{
			"weight": 1.0,
			"key": "betterarcheology:ocelot_fossil_body"
		},
		{
			"weight": 1.0,
			"key": "betterarcheology:ocelot_fossil_head"
		},
		{
			"weight": 1.0,
			"key": "betterarcheology:radiance_totem"
		},
		{
			"weight": 1.0,
			"key": "betterarcheology:rotten_door"
		},
		{
			"weight": 1.0,
			"key": "betterarcheology:rotten_fence"
		},
		{
			"weight": 1.0,
			"key": "betterarcheology:rotten_fence_gate"
		},
		{
			"weight": 1.0,
			"key": "betterarcheology:rotten_log"
		},
		{
			"weight": 1.0,
			"key": "betterarcheology:rotten_planks"
		},
		{
			"weight": 1.0,
			"key": "betterarcheology:rotten_pressure_plate"
		},
		{
			"weight": 1.0,
			"key": "betterarcheology:rotten_slab"
		},
		{
			"weight": 1.0,
			"key": "betterarcheology:rotten_stairs"
		},
		{
			"weight": 1.0,
			"key": "betterarcheology:rotten_trapdoor"
		},
		{
			"weight": 1.0,
			"key": "betterarcheology:sheep_fossil"
		},
		{
			"weight": 1.0,
			"key": "betterarcheology:sheep_fossil_body"
		},
		{
			"weight": 1.0,
			"key": "betterarcheology:sheep_fossil_head"
		},
		{
			"weight": 1.0,
			"key": "betterarcheology:soul_totem"
		},
		{
			"weight": 1.0,
			"key": "betterarcheology:suspicious_dirt"
		},
		{
			"weight": 1.0,
			"key": "betterarcheology:suspicious_red_sand"
		},
		{
			"weight": 1.0,
			"key": "betterarcheology:torrent_totem"
		},
		{
			"weight": 1.0,
			"key": "betterarcheology:unidentified_artifact"
		},
		{
			"weight": 1.0,
			"key": "betterarcheology:vase"
		},
		{
			"weight": 1.0,
			"key": "betterarcheology:vase_creeper"
		},
		{
			"weight": 1.0,
			"key": "betterarcheology:vase_green"
		},
		{
			"weight": 1.0,
			"key": "betterarcheology:villager_fossil"
		},
		{
			"weight": 1.0,
			"key": "betterarcheology:villager_fossil_body"
		},
		{
			"weight": 1.0,
			"key": "betterarcheology:villager_fossil_head"
		},
		{
			"weight": 1.0,
			"key": "betterarcheology:wolf_fossil"
		},
		{
			"weight": 1.0,
			"key": "betterarcheology:wolf_fossil_body"
		},
		{
			"weight": 1.0,
			"key": "betterarcheology:wolf_fossil_head"
		}
	]
}
