{
	"elements": [
		{
			"weight": 1.0,
			"key": {
				"Category": "neutral",
				"Color": -16777216,
				"Instant": false,
				"Name": "xaerominimap:no_cave_maps"
			}
		},
		{
			"weight": 1.0,
			"key": {
				"Category": "harmful",
				"Color": -16777216,
				"Instant": false,
				"Name": "xaerominimap:no_cave_maps_harmful"
			}
		},
		{
			"weight": 1.0,
			"key": {
				"Category": "neutral",
				"Color": -16777216,
				"Instant": false,
				"Name": "xaerominimap:no_entity_radar"
			}
		},
		{
			"weight": 1.0,
			"key": {
				"Category": "harmful",
				"Color": -16777216,
				"Instant": false,
				"Name": "xaerominimap:no_entity_radar_harmful"
			}
		},
		{
			"weight": 1.0,
			"key": {
				"Category": "neutral",
				"Color": -16777216,
				"Instant": false,
				"Name": "xaerominimap:no_minimap"
			}
		},
		{
			"weight": 1.0,
			"key": {
				"Category": "harmful",
				"Color": -16777216,
				"Instant": false,
				"Name": "xaerominimap:no_minimap_harmful"
			}
		},
		{
			"weight": 1.0,
			"key": {
				"Category": "neutral",
				"Color": -16777216,
				"Instant": false,
				"Name": "xaerominimap:no_waypoints"
			}
		},
		{
			"weight": 1.0,
			"key": {
				"Category": "harmful",
				"Color": -16777216,
				"Instant": false,
				"Name": "xaerominimap:no_waypoints_harmful"
			}
		}
	]
}
