{
	"elements": [
		{
			"weight": 1.0,
			"key": {
				"Type": "block",
				"Name": "avaritia:blocks/compressed_crafting_table"
			}
		},
		{
			"weight": 1.0,
			"key": {
				"Type": "block",
				"Name": "avaritia:blocks/compressor"
			}
		},
		{
			"weight": 1.0,
			"key": {
				"Type": "block",
				"Name": "avaritia:blocks/crystal_matrix_block"
			}
		},
		{
			"weight": 1.0,
			"key": {
				"Type": "block",
				"Name": "avaritia:blocks/double_compressed_crafting_table"
			}
		},
		{
			"weight": 1.0,
			"key": {
				"Type": "block",
				"Name": "avaritia:blocks/extreme_crafting_table"
			}
		},
		{
			"weight": 1.0,
			"key": {
				"Type": "block",
				"Name": "avaritia:blocks/infinity_block"
			}
		},
		{
			"weight": 1.0,
			"key": {
				"Type": "block",
				"Name": "avaritia:blocks/infinity_chest"
			}
		},
		{
			"weight": 1.0,
			"key": {
				"Type": "block",
				"Name": "avaritia:blocks/neutron_collector"
			}
		},
		{
			"weight": 1.0,
			"key": {
				"Type": "block",
				"Name": "avaritia:blocks/neutronium_block"
			}
		}
	]
}
