{
  "elements": [
    {
      "key": "minecraft:patch_grass_normal",
      "weight": 1.0
    },
    {
      "key": "minecraft:patch_grass_badlands",
      "weight": 1.0
    },
    {
      "key": "minecraft:patch_grass_jungle",
      "weight": 1.0
    },
    {
      "key": "minecraft:patch_grass_forest",
      "weight": 1.0
    },
    {
      "key": "minecraft:patch_grass_plain",
      "weight": 1.0
    },
    {
      "key": "minecraft:patch_grass_taiga",
      "weight": 1.0
    },
    {
      "key": "minecraft:patch_grass_taiga_2",
      "weight": 1.0
    },
    {
      "key": "minecraft:patch_grass_savanna",
      "weight": 1.0
    }
  ]
}
