{
	"biomes": [
		"minecraft:lukewarm_ocean"
	],
	"rule": {
		"type": "minecraft:condition",
		"if_true": {
			"offset": 0,
			"add_surface_depth": false,
			"secondary_depth_range": 0,
			"type": "minecraft:stone_depth",
			"surface_type": "floor"
		},
		"then_run": {
			"sequence": [
				{
					"type": "minecraft:condition",
					"if_true": {
						"offset": 0,
						"add_surface_depth": false,
						"secondary_depth_range": 0,
						"type": "minecraft:stone_depth",
						"surface_type": "ceiling"
					},
					"then_run": {
						"result_state": {
							"Name": "minecraft:sandstone"
						},
						"type": "minecraft:block"
					}
				},
				{
					"result_state": {
						"Name": "minecraft:sand"
					},
					"type": "minecraft:block"
				}
			],
			"type": "minecraft:sequence"
		}
	}
}
