{
	"biomes": [
		"minecraft:mushroom_fields"
	],
	"rule": {
		"type": "minecraft:condition",
		"if_true": {
			"offset": 0,
			"add_surface_depth": false,
			"secondary_depth_range": 0,
			"type": "minecraft:stone_depth",
			"surface_type": "floor"
		},
		"then_run": {
			"type": "minecraft:condition",
			"if_true": {
				"surface_depth_multiplier": 0,
				"offset": -1,
				"type": "minecraft:water",
				"add_stone_depth": false
			},
			"then_run": {
				"result_state": {
					"Properties": {
						"snowy": "false"
					},
					"Name": "minecraft:mycelium"
				},
				"type": "minecraft:block"
			}
		}
	}
}
