{
	"biomes": [
		"minecraft:old_growth_spruce_taiga"
	],
	"rule": {
		"type": "minecraft:condition",
		"if_true": {
			"offset": 0,
			"add_surface_depth": false,
			"secondary_depth_range": 0,
			"type": "minecraft:stone_depth",
			"surface_type": "floor"
		},
		"then_run": {
			"type": "minecraft:condition",
			"if_true": {
				"surface_depth_multiplier": 0,
				"offset": -1,
				"type": "minecraft:water",
				"add_stone_depth": false
			},
			"then_run": {
				"sequence": [
					{
						"type": "minecraft:condition",
						"if_true": {
							"min_threshold": 0.21212122,
							"max_threshold": 2147483647,
							"noise": "minecraft:surface",
							"type": "minecraft:noise_threshold"
						},
						"then_run": {
							"result_state": {
								"Name": "minecraft:coarse_dirt"
							},
							"type": "minecraft:block"
						}
					},
					{
						"type": "minecraft:condition",
						"if_true": {
							"min_threshold": -0.11515152,
							"max_threshold": 2147483647,
							"noise": "minecraft:surface",
							"type": "minecraft:noise_threshold"
						},
						"then_run": {
							"result_state": {
								"Properties": {
									"snowy": "false"
								},
								"Name": "minecraft:podzol"
							},
							"type": "minecraft:block"
						}
					}
				],
				"type": "minecraft:sequence"
			}
		}
	}
}
