{
	"biomes": [
		"minecraft:stony_peaks"
	],
	"rule": {
		"sequence": [
			{
				"type": "minecraft:condition",
				"if_true": {
					"offset": 0,
					"add_surface_depth": false,
					"secondary_depth_range": 0,
					"type": "minecraft:stone_depth",
					"surface_type": "floor"
				},
				"then_run": {
					"type": "minecraft:condition",
					"if_true": {
						"surface_depth_multiplier": 0,
						"offset": -1,
						"type": "minecraft:water",
						"add_stone_depth": false
					},
					"then_run": {
						"sequence": [
							{
								"type": "minecraft:condition",
								"if_true": {
									"min_threshold": -0.0125,
									"max_threshold": 0.0125,
									"noise": "minecraft:calcite",
									"type": "minecraft:noise_threshold"
								},
								"then_run": {
									"result_state": {
										"Name": "minecraft:calcite"
									},
									"type": "minecraft:block"
								}
							},
							{
								"result_state": {
									"Name": "minecraft:stone"
								},
								"type": "minecraft:block"
							}
						],
						"type": "minecraft:sequence"
					}
				}
			},
			{
				"type": "minecraft:condition",
				"if_true": {
					"surface_depth_multiplier": -1,
					"offset": -6,
					"type": "minecraft:water",
					"add_stone_depth": true
				},
				"then_run": {
					"type": "minecraft:condition",
					"if_true": {
						"offset": 0,
						"add_surface_depth": true,
						"secondary_depth_range": 0,
						"type": "minecraft:stone_depth",
						"surface_type": "floor"
					},
					"then_run": {
						"sequence": [
							{
								"type": "minecraft:condition",
								"if_true": {
									"min_threshold": -0.0125,
									"max_threshold": 0.0125,
									"noise": "minecraft:calcite",
									"type": "minecraft:noise_threshold"
								},
								"then_run": {
									"result_state": {
										"Name": "minecraft:calcite"
									},
									"type": "minecraft:block"
								}
							},
							{
								"result_state": {
									"Name": "minecraft:stone"
								},
								"type": "minecraft:block"
							}
						],
						"type": "minecraft:sequence"
					}
				}
			}
		],
		"type": "minecraft:sequence"
	}
}
