{
	"biomes": [
		"minecraft:swamp"
	],
	"rule": {
		"type": "minecraft:condition",
		"if_true": {
			"offset": 0,
			"add_surface_depth": false,
			"secondary_depth_range": 0,
			"type": "minecraft:stone_depth",
			"surface_type": "floor"
		},
		"then_run": {
			"type": "minecraft:condition",
			"if_true": {
				"surface_depth_multiplier": 0,
				"anchor": {
					"absolute": %SL%
				},
				"type": "minecraft:y_above",
				"add_stone_depth": false
			},
			"then_run": {
				"type": "minecraft:condition",
				"if_true": {
					"invert": {
						"surface_depth_multiplier": 0,
						"anchor": {
							"absolute": %SL+1%
						},
						"type": "minecraft:y_above",
						"add_stone_depth": false
					},
					"type": "minecraft:not"
				},
				"then_run": {
					"type": "minecraft:condition",
					"if_true": {
						"min_threshold": 0.0,
						"max_threshold": 2147483647,
						"noise": "minecraft:surface_swamp",
						"type": "minecraft:noise_threshold"
					},
					"then_run": {
						"result_state": {
							"Properties": {
								"level": "0"
							},
							"Name": "minecraft:water"
						},
						"type": "minecraft:block"
					}
				}
			}
		}
	}
}
