{
	"biomes": [
		"minecraft:windswept_savanna"
	],
	"rule": {
		"sequence": [
			{
				"type": "minecraft:condition",
				"if_true": {
					"offset": 0,
					"add_surface_depth": false,
					"secondary_depth_range": 0,
					"type": "minecraft:stone_depth",
					"surface_type": "floor"
				},
				"then_run": {
					"type": "minecraft:condition",
					"if_true": {
						"surface_depth_multiplier": 0,
						"offset": -1,
						"type": "minecraft:water",
						"add_stone_depth": false
					},
					"then_run": {
						"sequence": [
							{
								"type": "minecraft:condition",
								"if_true": {
									"min_threshold": 0.21212122,
									"max_threshold": 2147483647,
									"noise": "minecraft:surface",
									"type": "minecraft:noise_threshold"
								},
								"then_run": {
									"result_state": {
										"Name": "minecraft:stone"
									},
									"type": "minecraft:block"
								}
							},
							{
								"type": "minecraft:condition",
								"if_true": {
									"min_threshold": -0.060606062,
									"max_threshold": 2147483647,
									"noise": "minecraft:surface",
									"type": "minecraft:noise_threshold"
								},
								"then_run": {
									"result_state": {
										"Name": "minecraft:coarse_dirt"
									},
									"type": "minecraft:block"
								}
							}
						],
						"type": "minecraft:sequence"
					}
				}
			},
			{
				"type": "minecraft:condition",
				"if_true": {
					"surface_depth_multiplier": -1,
					"offset": -6,
					"type": "minecraft:water",
					"add_stone_depth": true
				},
				"then_run": {
					"type": "minecraft:condition",
					"if_true": {
						"offset": 0,
						"add_surface_depth": true,
						"secondary_depth_range": 0,
						"type": "minecraft:stone_depth",
						"surface_type": "floor"
					},
					"then_run": {
						"type": "minecraft:condition",
						"if_true": {
							"min_threshold": 0.21212122,
							"max_threshold": 2147483647,
							"noise": "minecraft:surface",
							"type": "minecraft:noise_threshold"
						},
						"then_run": {
							"result_state": {
								"Name": "minecraft:stone"
							},
							"type": "minecraft:block"
						}
					}
				}
			}
		],
		"type": "minecraft:sequence"
	}
}
