{
  "barrier": 0.0,
  "continents": 0.0,
  "depth": 0.0,
  "erosion": 0.0,
  "final_density": {
    "type": "minecraft:squeeze",
    "argument": {
      "type": "minecraft:mul",
      "argument1": 0.64,
      "argument2": {
        "type": "minecraft:interpolated",
        "argument": {
          "type": "minecraft:blend_density",
          "argument": {
            "type": "minecraft:add",
            "argument1": 2.5,
            "argument2": {
              "type": "minecraft:mul",
              "argument1": {
                "type": "minecraft:y_clamped_gradient",
                "from_value": 0.0,
                "from_y": %d,
                "to_value": 1.0,
                "to_y": %d
              },
              "argument2": {
                "type": "minecraft:add",
                "argument1": -2.5,
                "argument2": {
                  "type": "minecraft:add",
                  "argument1": 0.9375,
                  "argument2": {
                    "type": "minecraft:mul",
                    "argument1": {
                      "type": "minecraft:y_clamped_gradient",
                      "from_value": 1.0,
                      "from_y": %d,
                      "to_value": 0.0,
                      "to_y": %d
                    },
                    "argument2": {
                      "type": "minecraft:add",
                      "argument1": -0.9375,
                      "argument2": "minecraft:nether/base_3d_noise"
                    }
                  }
                }
              }
            }
          }
        }
      }
    }
  },
  "fluid_level_floodedness": 0.0,
  "fluid_level_spread": 0.0,
  "initial_density_without_jaggedness": 0.0,
  "lava": 0.0,
  "ridges": 0.0,
  "temperature": "infinity:temperature",
  "vegetation": "infinity:vegetation",
  "vein_gap": 0.0,
  "vein_ridged": 0.0,
  "vein_toggle": 0.0
}
