{
	"elements": [
		{
			"weight": 1.0,
			"key": {
				"Type": "chest",
				"Name": "betterdungeons:skeleton_dungeon/chests/common"
			}
		},
		{
			"weight": 1.0,
			"key": {
				"Type": "chest",
				"Name": "betterdungeons:skeleton_dungeon/chests/middle"
			}
		},
		{
			"weight": 1.0,
			"key": {
				"Type": "chest",
				"Name": "betterdungeons:small_dungeon/chests/loot_piles"
			}
		},
		{
			"weight": 1.0,
			"key": {
				"Type": "chest",
				"Name": "betterdungeons:small_nether_dungeon/chests/common"
			}
		},
		{
			"weight": 1.0,
			"key": {
				"Type": "chest",
				"Name": "betterdungeons:spider_dungeon/chests/egg_room"
			}
		},
		{
			"weight": 1.0,
			"key": {
				"Type": "chest",
				"Name": "betterdungeons:zombie_dungeon/chests/common"
			}
		},
		{
			"weight": 1.0,
			"key": {
				"Type": "chest",
				"Name": "betterdungeons:zombie_dungeon/chests/special"
			}
		},
		{
			"weight": 1.0,
			"key": {
				"Type": "chest",
				"Name": "betterdungeons:zombie_dungeon/chests/tombstone"
			}
		}
	]
}
