{
	"elements": [
		{
			"weight": 1.0,
			"key": {
				"terrain_adaptation": "none",
				"spawn_overrides": {
					"monster": {
						"bounding_box": "piece",
						"spawns": [
							{
								"weight": 100,
								"minCount": 4,
								"type": "minecraft:zombie",
								"maxCount": 15
							}
						]
					}
				},
				"step": "underground_structures",
				"id": "betterdungeons:zombie_dungeon"
			}
		},
		{
			"weight": 1.0,
			"key": {
				"terrain_adaptation": "none",
				"spawn_overrides": {
					"monster": {
						"bounding_box": "piece",
						"spawns": [
							{
								"weight": 100,
								"minCount": 4,
								"type": "minecraft:skeleton",
								"maxCount": 15
							}
						]
					}
				},
				"step": "underground_structures",
				"id": "betterdungeons:skeleton_dungeon"
			}
		},
		{
			"weight": 1.0,
			"key": {
				"terrain_adaptation": "none",
				"spawn_overrides": {
				},
				"step": "underground_structures",
				"id": "betterdungeons:small_nether_dungeon"
			}
		},
		{
			"weight": 1.0,
			"key": {
				"terrain_adaptation": "none",
				"spawn_overrides": {
				},
				"step": "underground_structures",
				"id": "betterdungeons:small_dungeon"
			}
		},
		{
			"weight": 1.0,
			"key": {
				"terrain_adaptation": "none",
				"spawn_overrides": {
					"monster": {
						"bounding_box": "piece",
						"spawns": [
							{
								"weight": 100,
								"minCount": 4,
								"type": "minecraft:spider",
								"maxCount": 15
							},
							{
								"weight": 50,
								"minCount": 4,
								"type": "minecraft:cave_spider",
								"maxCount": 8
							}
						]
					}
				},
				"step": "underground_structures",
				"id": "betterdungeons:spider_dungeon"
			}
		}
	]
}
