{
	"disc.minecraft.chrysopoeia": {
		"sounds": [
			"minecraft:music/game/nether/crimson_forest/chrysopoeia"
		],
		"subtitle": "infinity:subtitles.disc.minecraft.chrysopoeia"
	},
	"disc.minecraft.aria_math": {
		"sounds": [
			"minecraft:music/game/creative/aria_math"
		],
		"subtitle": "infinity:subtitles.disc.minecraft.aria_math"
	},
	"disc.minecraft.endless": {
		"sounds": [
			"minecraft:music/game/endless"
		],
		"subtitle": "infinity:subtitles.disc.minecraft.endless"
	},
	"disc.minecraft.warmth": {
		"sounds": [
			"minecraft:music/game/nether/warmth"
		],
		"subtitle": "infinity:subtitles.disc.minecraft.warmth"
	},
	"disc.minecraft.living_mice": {
		"sounds": [
			"minecraft:music/game/living_mice"
		],
		"subtitle": "infinity:subtitles.disc.minecraft.living_mice"
	},
	"disc.minecraft.rubedo": {
		"sounds": [
			"minecraft:music/game/nether/nether_wastes/rubedo"
		],
		"subtitle": "infinity:subtitles.disc.minecraft.rubedo"
	},
	"disc.minecraft.labyrinthine": {
		"sounds": [
			"minecraft:music/game/swamp/labyrinthine"
		],
		"subtitle": "infinity:subtitles.disc.minecraft.labyrinthine"
	},
	"disc.minecraft.mice_on_venus": {
		"sounds": [
			"minecraft:music/game/mice_on_venus"
		],
		"subtitle": "infinity:subtitles.disc.minecraft.mice_on_venus"
	},
	"disc.supplementaries.pancake": {
		"sounds": [
			"supplementaries:music/pancake"
		],
		"subtitle": "infinity:subtitles.disc.supplementaries.pancake"
	},
	"disc.minecraft.deeper": {
		"sounds": [
			"minecraft:music/game/deeper"
		],
		"subtitle": "infinity:subtitles.disc.minecraft.deeper"
	},
	"disc.minecraft.dry_hands": {
		"sounds": [
			"minecraft:music/game/dry_hands"
		],
		"subtitle": "infinity:subtitles.disc.minecraft.dry_hands"
	},
	"disc.minecraft.eld_unknown": {
		"sounds": [
			"minecraft:music/game/eld_unknown"
		],
		"subtitle": "infinity:subtitles.disc.minecraft.eld_unknown"
	},
	"disc.minecraft.haunt_muskie": {
		"sounds": [
			"minecraft:music/game/creative/haunt_muskie"
		],
		"subtitle": "infinity:subtitles.disc.minecraft.haunt_muskie"
	},
	"disc.minecraft.floating_dream": {
		"sounds": [
			"minecraft:music/game/floating_dream"
		],
		"subtitle": "infinity:subtitles.disc.minecraft.floating_dream"
	},
	"disc.minecraft.watcher": {
		"sounds": [
			"minecraft:music/game/watcher"
		],
		"subtitle": "infinity:subtitles.disc.minecraft.watcher"
	},
	"disc.minecraft.puzzlebox": {
		"sounds": [
			"minecraft:music/game/puzzlebox"
		],
		"subtitle": "infinity:subtitles.disc.minecraft.puzzlebox"
	},
	"disc.minecraft.dreiton": {
		"sounds": [
			"minecraft:music/game/creative/dreiton"
		],
		"subtitle": "infinity:subtitles.disc.minecraft.dreiton"
	},
	"disc.minecraft.mutation": {
		"sounds": [
			"minecraft:music/menu/mutation"
		],
		"subtitle": "infinity:subtitles.disc.minecraft.mutation"
	},
	"disc.ivory.hope_instilled": {
		"sounds": [
			"ivory:music/hope_instilled"
		],
		"subtitle": "infinity:subtitles.disc.ivory.hope_instilled"
	},
	"disc.minecraft.blind_spots": {
		"sounds": [
			"minecraft:music/game/creative/blind_spots"
		],
		"subtitle": "infinity:subtitles.disc.minecraft.blind_spots"
	},
	"disc.minecraft.minecraft": {
		"sounds": [
			"minecraft:music/game/minecraft"
		],
		"subtitle": "infinity:subtitles.disc.minecraft.minecraft"
	},
	"disc.minecraft.beginning_2": {
		"sounds": [
			"minecraft:music/menu/beginning_2"
		],
		"subtitle": "infinity:subtitles.disc.minecraft.beginning_2"
	},
	"disc.minecraft.floating_trees": {
		"sounds": [
			"minecraft:music/menu/floating_trees"
		],
		"subtitle": "infinity:subtitles.disc.minecraft.floating_trees"
	},
	"disc.minecraft.comforting_memories": {
		"sounds": [
			"minecraft:music/game/comforting_memories"
		],
		"subtitle": "infinity:subtitles.disc.minecraft.comforting_memories"
	},
	"disc.minecraft.sweden": {
		"sounds": [
			"minecraft:music/game/sweden"
		],
		"subtitle": "infinity:subtitles.disc.minecraft.sweden"
	},
	"disc.betterarcheology.music_disc_swings_axolotl": {
		"sounds": [
			"betterarcheology:music_disc_swings_axolotl"
		],
		"subtitle": "infinity:subtitles.disc.betterarcheology.music_disc_swings_axolotl"
	},
	"disc.biomesoplenty.cortisol": {
		"sounds": [
			"biomesoplenty:music/game/nether/cortisol"
		],
		"subtitle": "infinity:subtitles.disc.biomesoplenty.cortisol"
	},
	"disc.minecraft.biome_fest": {
		"sounds": [
			"minecraft:music/game/creative/biome_fest"
		],
		"subtitle": "infinity:subtitles.disc.minecraft.biome_fest"
	},
	"disc.biomesoplenty.blot": {
		"sounds": [
			"biomesoplenty:music/game/nether/blot"
		],
		"subtitle": "infinity:subtitles.disc.biomesoplenty.blot"
	},
	"disc.minecraft.subwoofer_lullaby": {
		"sounds": [
			"minecraft:music/game/subwoofer_lullaby"
		],
		"subtitle": "infinity:subtitles.disc.minecraft.subwoofer_lullaby"
	},
	"disc.minecraft.oxygene": {
		"sounds": [
			"minecraft:music/game/oxygene"
		],
		"subtitle": "infinity:subtitles.disc.minecraft.oxygene"
	},
	"disc.biomesoplenty.timber": {
		"sounds": [
			"biomesoplenty:music/game/nether/timber"
		],
		"subtitle": "infinity:subtitles.disc.biomesoplenty.timber"
	},
	"disc.minecraft.left_to_bloom": {
		"sounds": [
			"minecraft:music/game/left_to_bloom"
		],
		"subtitle": "infinity:subtitles.disc.minecraft.left_to_bloom"
	},
	"disc.minecraft.moog_city_2": {
		"sounds": [
			"minecraft:music/menu/moog_city_2"
		],
		"subtitle": "infinity:subtitles.disc.minecraft.moog_city_2"
	},
	"disc.minecraft.shuniji": {
		"sounds": [
			"minecraft:music/game/water/shuniji"
		],
		"subtitle": "infinity:subtitles.disc.minecraft.shuniji"
	},
	"disc.minecraft.axolotl": {
		"sounds": [
			"minecraft:music/game/water/axolotl"
		],
		"subtitle": "infinity:subtitles.disc.minecraft.axolotl"
	},
	"disc.minecraft.key": {
		"sounds": [
			"minecraft:music/game/key"
		],
		"subtitle": "infinity:subtitles.disc.minecraft.key"
	},
	"disc.supplementaries.heave_ho": {
		"sounds": [
			"supplementaries:music/heave_ho"
		],
		"subtitle": "infinity:subtitles.disc.supplementaries.heave_ho"
	},
	"disc.minecraft.stand_tall": {
		"sounds": [
			"minecraft:music/game/stand_tall"
		],
		"subtitle": "infinity:subtitles.disc.minecraft.stand_tall"
	},
	"disc.ivory.challenger": {
		"sounds": [
			"ivory:music/challenger"
		],
		"subtitle": "infinity:subtitles.disc.ivory.challenger"
	},
	"disc.minecraft.echo_in_the_wind": {
		"sounds": [
			"minecraft:music/game/echo_in_the_wind"
		],
		"subtitle": "infinity:subtitles.disc.minecraft.echo_in_the_wind"
	},
	"disc.minecraft.komorebi": {
		"sounds": [
			"minecraft:music/game/komorebi"
		],
		"subtitle": "infinity:subtitles.disc.minecraft.komorebi"
	},
	"disc.minecraft.a_familiar_room": {
		"sounds": [
			"minecraft:music/game/a_familiar_room"
		],
		"subtitle": "infinity:subtitles.disc.minecraft.a_familiar_room"
	},
	"disc.biomesoplenty.redhead": {
		"sounds": [
			"biomesoplenty:music/game/nether/redhead"
		],
		"subtitle": "infinity:subtitles.disc.biomesoplenty.redhead"
	},
	"disc.minecraft.an_ordinary_day": {
		"sounds": [
			"minecraft:music/game/an_ordinary_day"
		],
		"subtitle": "infinity:subtitles.disc.minecraft.an_ordinary_day"
	},
	"disc.minecraft.the_end": {
		"sounds": [
			"minecraft:music/game/end/the_end"
		],
		"subtitle": "infinity:subtitles.disc.minecraft.the_end"
	},
	"disc.minecraft.taswell": {
		"sounds": [
			"minecraft:music/game/creative/taswell"
		],
		"subtitle": "infinity:subtitles.disc.minecraft.taswell"
	},
	"disc.minecraft.boss": {
		"sounds": [
			"minecraft:music/game/end/boss"
		],
		"subtitle": "infinity:subtitles.disc.minecraft.boss"
	},
	"disc.minecraft.infinite_amethyst": {
		"sounds": [
			"minecraft:music/game/infinite_amethyst"
		],
		"subtitle": "infinity:subtitles.disc.minecraft.infinite_amethyst"
	},
	"disc.minecraft.ballad_of_the_cats": {
		"sounds": [
			"minecraft:music/game/nether/ballad_of_the_cats"
		],
		"subtitle": "infinity:subtitles.disc.minecraft.ballad_of_the_cats"
	},
	"disc.minecraft.crescent_dunes": {
		"sounds": [
			"minecraft:music/game/crescent_dunes"
		],
		"subtitle": "infinity:subtitles.disc.minecraft.crescent_dunes"
	},
	"disc.minecraft.danny": {
		"sounds": [
			"minecraft:music/game/danny"
		],
		"subtitle": "infinity:subtitles.disc.minecraft.danny"
	},
	"disc.minecraft.so_below": {
		"sounds": [
			"minecraft:music/game/nether/soulsand_valley/so_below"
		],
		"subtitle": "infinity:subtitles.disc.minecraft.so_below"
	},
	"disc.minecraft.yakusoku": {
		"sounds": [
			"minecraft:music/game/yakusoku"
		],
		"subtitle": "infinity:subtitles.disc.minecraft.yakusoku"
	},
	"disc.minecraft.aerie": {
		"sounds": [
			"minecraft:music/game/swamp/aerie"
		],
		"subtitle": "infinity:subtitles.disc.minecraft.aerie"
	},
	"disc.minecraft.one_more_day": {
		"sounds": [
			"minecraft:music/game/one_more_day"
		],
		"subtitle": "infinity:subtitles.disc.minecraft.one_more_day"
	},
	"disc.minecraft.clark": {
		"sounds": [
			"minecraft:music/game/clark"
		],
		"subtitle": "infinity:subtitles.disc.minecraft.clark"
	},
	"disc.minecraft.haggstrom": {
		"sounds": [
			"minecraft:music/game/haggstrom"
		],
		"subtitle": "infinity:subtitles.disc.minecraft.haggstrom"
	},
	"disc.minecraft.bromeliad": {
		"sounds": [
			"minecraft:music/game/bromeliad"
		],
		"subtitle": "infinity:subtitles.disc.minecraft.bromeliad"
	},
	"disc.biomesoplenty.mesh": {
		"sounds": [
			"biomesoplenty:music/game/nether/mesh"
		],
		"subtitle": "infinity:subtitles.disc.biomesoplenty.mesh"
	},
	"disc.minecraft.pokopoko": {
		"sounds": [
			"minecraft:music/game/pokopoko"
		],
		"subtitle": "infinity:subtitles.disc.minecraft.pokopoko"
	},
	"disc.minecraft.dead_voxel": {
		"sounds": [
			"minecraft:music/game/nether/dead_voxel"
		],
		"subtitle": "infinity:subtitles.disc.minecraft.dead_voxel"
	},
	"disc.minecraft.ancestry": {
		"sounds": [
			"minecraft:music/game/ancestry"
		],
		"subtitle": "infinity:subtitles.disc.minecraft.ancestry"
	},
	"disc.minecraft.alpha": {
		"sounds": [
			"minecraft:music/game/end/alpha"
		],
		"subtitle": "infinity:subtitles.disc.minecraft.alpha"
	},
	"disc.minecraft.dragon_fish": {
		"sounds": [
			"minecraft:music/game/water/dragon_fish"
		],
		"subtitle": "infinity:subtitles.disc.minecraft.dragon_fish"
	},
	"disc.minecraft.firebugs": {
		"sounds": [
			"minecraft:music/game/swamp/firebugs"
		],
		"subtitle": "infinity:subtitles.disc.minecraft.firebugs"
	},
	"disc.minecraft.wending": {
		"sounds": [
			"minecraft:music/game/wending"
		],
		"subtitle": "infinity:subtitles.disc.minecraft.wending"
	},
	"disc.minecraft.wet_hands": {
		"sounds": [
			"minecraft:music/game/wet_hands"
		],
		"subtitle": "infinity:subtitles.disc.minecraft.wet_hands"
	},
	"disc.minecraft.concrete_halls": {
		"sounds": [
			"minecraft:music/game/nether/concrete_halls"
		],
		"subtitle": "infinity:subtitles.disc.minecraft.concrete_halls"
	},
	"disc.minecraft.featherfall": {
		"sounds": [
			"minecraft:music/game/featherfall"
		],
		"subtitle": "infinity:subtitles.disc.minecraft.featherfall"
	}
}
