{
  "fabric-loader-0.17.2.jar (modloader)": {
    "jarName": "fabric-loader-0.17.2.jar (modloader)",
    "modId": "fabric",
    "version": "fabric-loader-0.17.2.jar"
  },
  "accessories-fabric-1.1.0-beta.48+1.21.1.jar": {
    "jarName": "accessories-fabric-1.1.0-beta.48+1.21.1.jar",
    "modId": "accessories",
    "version": "1.1.0-beta.48+1.21.1"
  },
  "accessories_cclayer-9.3.1-beta.27+1.21.1-neoforge.jar": {
    "jarName": "accessories_cclayer-9.3.1-beta.27+1.21.1-neoforge.jar",
    "modId": "cc_layer_mod_id",
    "version": "0.beta.27"
  },
  "amendments-1.21-2.0.5-fabric.jar": {
    "jarName": "amendments-1.21-2.0.5-fabric.jar",
    "modId": "amendments",
    "version": "1.21-2.0.5"
  },
  "architectury-13.0.8-fabric.jar": {
    "jarName": "architectury-13.0.8-fabric.jar",
    "modId": "architectury",
    "version": "13.0.8"
  },
  "artifacts-fabric-13.0.7.jar": {
    "jarName": "artifacts-fabric-13.0.7.jar",
    "modId": "artifacts",
    "version": "13.0.7"
  },
  "AvaritiaNeo-Fabric-1.21-1.0.9.jar": {
    "jarName": "AvaritiaNeo-Fabric-1.21-1.0.9.jar",
    "modId": "avaritia",
    "version": "1.0.9"
  },
  "balm-fabric-1.21.1-21.0.49.jar": {
    "jarName": "balm-fabric-1.21.1-21.0.49.jar",
    "modId": "balm",
    "version": "21.0.49"
  },
  "better-crawl-sneaking-1.2.jar": {
    "jarName": "better-crawl-sneaking-1.2.jar",
    "modId": "better-crawl-sneaking",
    "version": "1.2"
  },
  "better_smithing_table-2.1.0+1.21-fabric.jar": {
    "jarName": "better_smithing_table-2.1.0+1.21-fabric.jar",
    "modId": "better_smithing_table",
    "version": "2.1.0"
  },
  "BetterAdvancements-Fabric-1.21.1-0.4.3.21.jar": {
    "jarName": "BetterAdvancements-Fabric-1.21.1-0.4.3.21.jar",
    "modId": "betteradvancements",
    "version": "0.4.3.21"
  },
  "betterarcheology-fabric-1.3.2.jar": {
    "jarName": "betterarcheology-fabric-1.3.2.jar",
    "modId": "betterarcheology",
    "version": "1.3.2"
  },
  "bettersafebed-fabric-1.21-16.jar": {
    "jarName": "bettersafebed-fabric-1.21-16.jar",
    "modId": "bettersafebed",
    "version": "1.21-16"
  },
  "BiomesOPlenty-fabric-1.21.1-21.1.0.12.jar": {
    "jarName": "BiomesOPlenty-fabric-1.21.1-21.1.0.12.jar",
    "modId": "biomesoplenty",
    "version": "21.1.0.12"
  },
  "bookshelf-fabric-1.21.1-21.1.68.jar": {
    "jarName": "bookshelf-fabric-1.21.1-21.1.68.jar",
    "modId": "bookshelf",
    "version": "21.1.68"
  },
  "cardinal-components-api-6.1.2.jar": {
    "jarName": "cardinal-components-api-6.1.2.jar",
    "modId": "cardinal-components",
    "version": "6.1.2"
  },
  "carryon-fabric-1.21.1-2.2.2.11.jar": {
    "jarName": "carryon-fabric-1.21.1-2.2.2.11.jar",
    "modId": "carryon",
    "version": "2.2.2"
  },
  "clienttweaks-fabric-1.21.1-21.1.8.jar": {
    "jarName": "clienttweaks-fabric-1.21.1-21.1.8.jar",
    "modId": "clienttweaks",
    "version": "21.1.8"
  },
  "cloth-config-15.0.140-fabric.jar": {
    "jarName": "cloth-config-15.0.140-fabric.jar",
    "modId": "cloth-config",
    "version": "15.0.140"
  },
  "Clumps-fabric-1.21.1-19.0.0.1.jar": {
    "jarName": "Clumps-fabric-1.21.1-19.0.0.1.jar",
    "modId": "clumps",
    "version": "19.0.0.1"
  },
  "comforts-fabric-9.0.4+1.21.1.jar": {
    "jarName": "comforts-fabric-9.0.4+1.21.1.jar",
    "modId": "comforts",
    "version": "9.0.4+1.21.1"
  },
  "Controlling-fabric-1.21.1-19.0.5.jar": {
    "jarName": "Controlling-fabric-1.21.1-19.0.5.jar",
    "modId": "controlling",
    "version": "19.0.5"
  },
  "CrashAssistant-fabric-1.19-1.21.4-1.9.15.jar": {
    "jarName": "CrashAssistant-fabric-1.19-1.21.4-1.9.15.jar",
    "modId": "crash_assistant",
    "version": "1.9.15"
  },
  "crawl-0.14.9.jar": {
    "jarName": "crawl-0.14.9.jar",
    "modId": "crawl",
    "version": "0.14.9"
  },
  "enchdesc-fabric-1.21.1-21.1.8.jar": {
    "jarName": "enchdesc-fabric-1.21.1-21.1.8.jar",
    "modId": "enchdesc",
    "version": "21.1.8"
  },
  "entity_model_features_1.21-fabric-3.0.1.jar": {
    "jarName": "entity_model_features_1.21-fabric-3.0.1.jar",
    "modId": "entity_model_features",
    "version": "3.0.1"
  },
  "entity_texture_features_1.21-fabric-7.0.1.jar": {
    "jarName": "entity_texture_features_1.21-fabric-7.0.1.jar",
    "modId": "entity_texture_features",
    "version": "7.0.1"
  },
  "Essential_1-3-9_fabric_1-21-1.jar": {
    "jarName": "Essential_1-3-9_fabric_1-21-1.jar",
    "modId": "essential-container",
    "version": "1.0.0"
  },
  "exlinecopperequipment-v1.0.3-fabric-1.21.jar": {
    "jarName": "exlinecopperequipment-v1.0.3-fabric-1.21.jar",
    "modId": "exlinecopperequipment",
    "version": "1.0.3"
  },
  "fabric-api-0.116.5+1.21.1.jar": {
    "jarName": "fabric-api-0.116.5+1.21.1.jar",
    "modId": "fabric-api",
    "version": "0.116.5+1.21.1"
  },
  "FarmersDelight-1.21.1-2.4.0+refabricated.jar": {
    "jarName": "FarmersDelight-1.21.1-2.4.0+refabricated.jar",
    "modId": "farmersdelight",
    "version": "1.21.1-2.4.0+refabricated"
  },
  "GlitchCore-fabric-1.21.1-2.1.0.0.jar": {
    "jarName": "GlitchCore-fabric-1.21.1-2.1.0.0.jar",
    "modId": "glitchcore",
    "version": "2.1.0.0"
  },
  "hauntedharvest-1.21-3.3.6-fabric.jar": {
    "jarName": "hauntedharvest-1.21-3.3.6-fabric.jar",
    "modId": "hauntedharvest",
    "version": "1.21-3.3.6"
  },
  "heartstone-1.21-1.3.0-fabric.jar": {
    "jarName": "heartstone-1.21-1.3.0-fabric.jar",
    "modId": "heartstone",
    "version": "1.21-1.3.0"
  },
  "infinite-dimensions-2.5.1+1.21.1.jar": {
    "jarName": "infinite-dimensions-2.5.1+1.21.1.jar",
    "modId": "infinity",
    "version": "2.5.1+1.21.1"
  },
  "iris-fabric-1.8.8+mc1.21.1.jar": {
    "jarName": "iris-fabric-1.8.8+mc1.21.1.jar",
    "modId": "iris",
    "version": "1.8.8+mc1.21.1"
  },
  "Jade-1.21.1-Fabric-15.10.2.jar": {
    "jarName": "Jade-1.21.1-Fabric-15.10.2.jar",
    "modId": "jade",
    "version": "15.10.2+fabric"
  },
  "jeed-1.21-2.2.19-fabric.jar": {
    "jarName": "jeed-1.21-2.2.19-fabric.jar",
    "modId": "jeed",
    "version": "1.21-2.2.19"
  },
  "jei-1.21.1-fabric-19.21.2.313.jar": {
    "jarName": "jei-1.21.1-fabric-19.21.2.313.jar",
    "modId": "jei",
    "version": "19.21.2.313"
  },
  "justenoughbreeding-fabric-1.21-1.21.1-1.6.2.jar": {
    "jarName": "justenoughbreeding-fabric-1.21-1.21.1-1.6.2.jar",
    "modId": "justenoughbreeding",
    "version": "1.6.2"
  },
  "JustEnoughProfessions-fabric-1.21.1-4.0.4.jar": {
    "jarName": "JustEnoughProfessions-fabric-1.21.1-4.0.4.jar",
    "modId": "justenoughprofessions",
    "version": "4.0.4"
  },
  "JustEnoughResources-Fabric-1.21.1-1.6.0.17.jar": {
    "jarName": "JustEnoughResources-Fabric-1.21.1-1.6.0.17.jar",
    "modId": "jeresources",
    "version": "1.6.0.17"
  },
  "justzoom_fabric_2.1.0_MC_1.21.1.jar": {
    "jarName": "justzoom_fabric_2.1.0_MC_1.21.1.jar",
    "modId": "justzoom",
    "version": "2.1.0"
  },
  "konkrete_fabric_1.9.9_MC_1.21.jar": {
    "jarName": "konkrete_fabric_1.9.9_MC_1.21.jar",
    "modId": "konkrete",
    "version": "1.9.9"
  },
  "modmenu-11.0.3.jar": {
    "jarName": "modmenu-11.0.3.jar",
    "modId": "modmenu",
    "version": "11.0.3"
  },
  "moonlight-1.21-2.22.4-fabric.jar": {
    "jarName": "moonlight-1.21-2.22.4-fabric.jar",
    "modId": "moonlight",
    "version": "1.21-2.22.4"
  },
  "MoT v1.2.1 - fabric 1.21.1.jar": {
    "jarName": "MoT v1.2.1 - fabric 1.21.1.jar",
    "modId": "mendingovertime",
    "version": "1.2"
  },
  "MouseTweaks-fabric-mc1.21-2.26.jar": {
    "jarName": "MouseTweaks-fabric-mc1.21-2.26.jar",
    "modId": "mousetweaks",
    "version": "2.26"
  },
  "NaturesCompass-1.21.1-2.2.7-fabric.jar": {
    "jarName": "NaturesCompass-1.21.1-2.2.7-fabric.jar",
    "modId": "naturescompass",
    "version": "1.21.1-2.2.7-fabric"
  },
  "notenoughcrashes-fabric-4.4.9+1.21.1.jar": {
    "jarName": "notenoughcrashes-fabric-4.4.9+1.21.1.jar",
    "modId": "notenoughcrashes",
    "version": "4.4.9+1.21.1"
  },
  "owo-lib-0.12.15.4+1.21.jar": {
    "jarName": "owo-lib-0.12.15.4+1.21.jar",
    "modId": "owo",
    "version": "0.12.15.4+1.21"
  },
  "placeholder-api-2.4.2+1.21.jar": {
    "jarName": "placeholder-api-2.4.2+1.21.jar",
    "modId": "placeholder-api",
    "version": "2.4.2+1.21"
  },
  "prickle-fabric-1.21.1-21.1.10.jar": {
    "jarName": "prickle-fabric-1.21.1-21.1.10.jar",
    "modId": "prickle",
    "version": "21.1.10"
  },
  "reeses-sodium-options-fabric-1.8.3+mc1.21.4.jar": {
    "jarName": "reeses-sodium-options-fabric-1.8.3+mc1.21.4.jar",
    "modId": "reeses-sodium-options",
    "version": "1.8.3+mc1.21.4"
  },
  "resourcefulconfig-fabric-1.21-3.0.11.jar": {
    "jarName": "resourcefulconfig-fabric-1.21-3.0.11.jar",
    "modId": "resourcefulconfig",
    "version": "3.0.11"
  },
  "Searchables-fabric-1.21.1-1.0.2.jar": {
    "jarName": "Searchables-fabric-1.21.1-1.0.2.jar",
    "modId": "searchables",
    "version": "1.0.2"
  },
  "sodium-extra-fabric-0.6.0+mc1.21.1.jar": {
    "jarName": "sodium-extra-fabric-0.6.0+mc1.21.1.jar",
    "modId": "sodium-extra",
    "version": "0.6.0+mc1.21.1"
  },
  "sodium-fabric-0.6.13+mc1.21.1.jar": {
    "jarName": "sodium-fabric-0.6.13+mc1.21.1.jar",
    "modId": "sodium",
    "version": "0.6.13+mc1.21.1"
  },
  "sodiumdynamiclights-fabric-1.0.10-1.21.1.jar": {
    "jarName": "sodiumdynamiclights-fabric-1.0.10-1.21.1.jar",
    "modId": "sodiumdynamiclights",
    "version": "1.0.9"
  },
  "sodiumoptionsapi-fabric-1.0.10-1.21.1.jar": {
    "jarName": "sodiumoptionsapi-fabric-1.0.10-1.21.1.jar",
    "modId": "sodiumoptionsapi",
    "version": "1.0.10"
  },
  "sound-physics-remastered-fabric-1.21.1-1.4.15.jar": {
    "jarName": "sound-physics-remastered-fabric-1.21.1-1.4.15.jar",
    "modId": "sound_physics_remastered",
    "version": "1.21.1-1.4.15"
  },
  "spark-1.10.109-fabric.jar": {
    "jarName": "spark-1.10.109-fabric.jar",
    "modId": "spark",
    "version": "1.10.109"
  },
  "supplementaries-1.21-3.4.12-fabric.jar": {
    "jarName": "supplementaries-1.21-3.4.12-fabric.jar",
    "modId": "supplementaries",
    "version": "1.21-3.4.12"
  },
  "TerraBlender-fabric-1.21.1-4.1.0.8.jar": {
    "jarName": "TerraBlender-fabric-1.21.1-4.1.0.8.jar",
    "modId": "terrablender",
    "version": "4.1.0.8"
  },
  "tiab-fabric-6.5.0.jar": {
    "jarName": "tiab-fabric-6.5.0.jar",
    "modId": "tiab",
    "version": "6.5.0"
  },
  "travelersbackpack-fabric-1.21.1-10.1.24.jar": {
    "jarName": "travelersbackpack-fabric-1.21.1-10.1.24.jar",
    "modId": "travelersbackpack",
    "version": "10.1.24"
  },
  "travelerscompass-1.21.1-3.1.04-fabric.jar": {
    "jarName": "travelerscompass-1.21.1-3.1.04-fabric.jar",
    "modId": "travelerscompass",
    "version": "3.1.04"
  },
  "TreeChop-1.21.1-fabric-0.19.3a.jar": {
    "jarName": "TreeChop-1.21.1-fabric-0.19.3a.jar",
    "modId": "treechop",
    "version": "0.19.3a"
  },
  "trinkets-3.10.0.jar": {
    "jarName": "trinkets-3.10.0.jar",
    "modId": "trinkets",
    "version": "3.10.0"
  },
  "waystones-fabric-1.21.1-21.1.22.jar": {
    "jarName": "waystones-fabric-1.21.1-21.1.22.jar",
    "modId": "waystones",
    "version": "21.1.22"
  },
  "Xaeros_Minimap_25.2.10_Fabric_1.21.jar": {
    "jarName": "Xaeros_Minimap_25.2.10_Fabric_1.21.jar",
    "modId": "xaerominimap",
    "version": "25.2.10"
  },
  "XaerosWorldMap_1.39.12_Fabric_1.21.jar": {
    "jarName": "XaerosWorldMap_1.39.12_Fabric_1.21.jar",
    "modId": "xaeroworldmap",
    "version": "1.39.12"
  },
  "YungsApi-1.21.1-Fabric-5.1.6.jar": {
    "jarName": "YungsApi-1.21.1-Fabric-5.1.6.jar",
    "modId": "yungsapi",
    "version": "1.21.1-Fabric-5.1.6"
  },
  "YungsBetterDesertTemples-1.21.1-Fabric-4.1.5.jar": {
    "jarName": "YungsBetterDesertTemples-1.21.1-Fabric-4.1.5.jar",
    "modId": "betterdeserttemples",
    "version": "1.21.1-Fabric-4.1.5"
  },
  "YungsBetterDungeons-1.21.1-Fabric-5.1.4.jar": {
    "jarName": "YungsBetterDungeons-1.21.1-Fabric-5.1.4.jar",
    "modId": "betterdungeons",
    "version": "1.21.1-Fabric-5.1.4"
  },
  "YungsBetterEndIsland-1.21.1-Fabric-3.1.2.jar": {
    "jarName": "YungsBetterEndIsland-1.21.1-Fabric-3.1.2.jar",
    "modId": "betterendisland",
    "version": "1.21.1-Fabric-3.1.2"
  },
  "YungsBetterJungleTemples-1.21.1-Fabric-3.1.2.jar": {
    "jarName": "YungsBetterJungleTemples-1.21.1-Fabric-3.1.2.jar",
    "modId": "betterjungletemples",
    "version": "1.21.1-Fabric-3.1.2"
  },
  "YungsBetterMineshafts-1.21.1-Fabric-5.1.1.jar": {
    "jarName": "YungsBetterMineshafts-1.21.1-Fabric-5.1.1.jar",
    "modId": "bettermineshafts",
    "version": "1.21.1-Fabric-5.1.1"
  },
  "YungsBetterNetherFortresses-1.21.1-Fabric-3.1.5.jar": {
    "jarName": "YungsBetterNetherFortresses-1.21.1-Fabric-3.1.5.jar",
    "modId": "betterfortresses",
    "version": "1.21.1-Fabric-3.1.5"
  },
  "YungsBetterOceanMonuments-1.21.1-Fabric-4.1.2.jar": {
    "jarName": "YungsBetterOceanMonuments-1.21.1-Fabric-4.1.2.jar",
    "modId": "betteroceanmonuments",
    "version": "1.21.1-Fabric-4.1.2"
  },
  "YungsBetterStrongholds-1.21.1-Fabric-5.1.3.jar": {
    "jarName": "YungsBetterStrongholds-1.21.1-Fabric-5.1.3.jar",
    "modId": "betterstrongholds",
    "version": "1.21.1-Fabric-5.1.3"
  },
  "YungsBetterWitchHuts-1.21.1-Fabric-4.1.1.jar": {
    "jarName": "YungsBetterWitchHuts-1.21.1-Fabric-4.1.1.jar",
    "modId": "betterwitchhuts",
    "version": "1.21.1-Fabric-4.1.1"
  },
  "YungsBridges-1.21.1-Fabric-5.1.1.jar": {
    "jarName": "YungsBridges-1.21.1-Fabric-5.1.1.jar",
    "modId": "yungsbridges",
    "version": "1.21.1-Fabric-5.1.1"
  },
  "YungsExtras-1.21.1-Fabric-5.1.1.jar": {
    "jarName": "YungsExtras-1.21.1-Fabric-5.1.1.jar",
    "modId": "yungsextras",
    "version": "1.21.1-Fabric-5.1.1"
  }
}