{
  "type": "minecraft:condition",
  "if_true": {
    "type": "minecraft:stone_depth",
    "add_surface_depth": false,
    "offset": 0,
    "secondary_depth_range": 0,
    "surface_type": "ceiling"
  },
  "then_run": {
    "type": "minecraft:sequence",
    "sequence": [
      {
        "type": "minecraft:condition",
        "if_true": {
          "type": "minecraft:vertical_gradient",
          "false_at_and_above": {
            "absolute": 8
          },
          "random_name": "minecraft:deepslate",
          "true_at_and_below": {
            "absolute": 0
          }
        },
        "then_run": {
          "type": "minecraft:block",
          "result_state": %s
        }
      },
      {
        "type": "minecraft:block",
        "result_state": %s
      }
    ]
  }
}
