{
	"elements": [
		{
			"weight": 1.0,
			"key": "waystones:attuned_shard"
		},
		{
			"weight": 1.0,
			"key": "waystones:black_portstone"
		},
		{
			"weight": 1.0,
			"key": "waystones:black_sharestone"
		},
		{
			"weight": 1.0,
			"key": "waystones:blackstone_waystone"
		},
		{
			"weight": 1.0,
			"key": "waystones:blank_scroll"
		},
		{
			"weight": 1.0,
			"key": "waystones:blue_portstone"
		},
		{
			"weight": 1.0,
			"key": "waystones:blue_sharestone"
		},
		{
			"weight": 1.0,
			"key": "waystones:bound_scroll"
		},
		{
			"weight": 1.0,
			"key": "waystones:brown_portstone"
		},
		{
			"weight": 1.0,
			"key": "waystones:brown_sharestone"
		},
		{
			"weight": 1.0,
			"key": "waystones:crumbling_attuned_shard"
		},
		{
			"weight": 1.0,
			"key": "waystones:cyan_portstone"
		},
		{
			"weight": 1.0,
			"key": "waystones:cyan_sharestone"
		},
		{
			"weight": 1.0,
			"key": "waystones:deepslate_shard"
		},
		{
			"weight": 1.0,
			"key": "waystones:deepslate_waystone"
		},
		{
			"weight": 1.0,
			"key": "waystones:dormant_shard"
		},
		{
			"weight": 1.0,
			"key": "waystones:end_stone_waystone"
		},
		{
			"weight": 1.0,
			"key": "waystones:gray_portstone"
		},
		{
			"weight": 1.0,
			"key": "waystones:gray_sharestone"
		},
		{
			"weight": 1.0,
			"key": "waystones:green_portstone"
		},
		{
			"weight": 1.0,
			"key": "waystones:green_sharestone"
		},
		{
			"weight": 1.0,
			"key": "waystones:light_blue_portstone"
		},
		{
			"weight": 1.0,
			"key": "waystones:light_blue_sharestone"
		},
		{
			"weight": 1.0,
			"key": "waystones:light_gray_portstone"
		},
		{
			"weight": 1.0,
			"key": "waystones:light_gray_sharestone"
		},
		{
			"weight": 1.0,
			"key": "waystones:lime_portstone"
		},
		{
			"weight": 1.0,
			"key": "waystones:lime_sharestone"
		},
		{
			"weight": 1.0,
			"key": "waystones:magenta_portstone"
		},
		{
			"weight": 1.0,
			"key": "waystones:magenta_sharestone"
		},
		{
			"weight": 1.0,
			"key": "waystones:mossy_waystone"
		},
		{
			"weight": 1.0,
			"key": "waystones:orange_portstone"
		},
		{
			"weight": 1.0,
			"key": "waystones:orange_sharestone"
		},
		{
			"weight": 1.0,
			"key": "waystones:pink_portstone"
		},
		{
			"weight": 1.0,
			"key": "waystones:pink_sharestone"
		},
		{
			"weight": 1.0,
			"key": "waystones:purple_portstone"
		},
		{
			"weight": 1.0,
			"key": "waystones:purple_sharestone"
		},
		{
			"weight": 1.0,
			"key": "waystones:red_portstone"
		},
		{
			"weight": 1.0,
			"key": "waystones:red_sharestone"
		},
		{
			"weight": 1.0,
			"key": "waystones:return_scroll"
		},
		{
			"weight": 1.0,
			"key": "waystones:sandy_waystone"
		},
		{
			"weight": 1.0,
			"key": "waystones:warp_dust"
		},
		{
			"weight": 1.0,
			"key": "waystones:warp_plate"
		},
		{
			"weight": 1.0,
			"key": "waystones:warp_scroll"
		},
		{
			"weight": 1.0,
			"key": "waystones:warp_stone"
		},
		{
			"weight": 1.0,
			"key": "waystones:waystone"
		},
		{
			"weight": 1.0,
			"key": "waystones:white_portstone"
		},
		{
			"weight": 1.0,
			"key": "waystones:yellow_portstone"
		},
		{
			"weight": 1.0,
			"key": "waystones:yellow_sharestone"
		}
	]
}
