{
	"elements": [
		{
			"weight": 1.0,
			"key": {
				"Type": "chest",
				"Name": "betterdeserttemples:chests/food_storage"
			}
		},
		{
			"weight": 1.0,
			"key": {
				"Type": "chest",
				"Name": "betterdeserttemples:chests/lab"
			}
		},
		{
			"weight": 1.0,
			"key": {
				"Type": "chest",
				"Name": "betterdeserttemples:chests/library"
			}
		},
		{
			"weight": 1.0,
			"key": {
				"Type": "chest",
				"Name": "betterdeserttemples:chests/pharaoh_hidden"
			}
		},
		{
			"weight": 1.0,
			"key": {
				"Type": "chest",
				"Name": "betterdeserttemples:chests/pot"
			}
		},
		{
			"weight": 1.0,
			"key": {
				"Type": "chest",
				"Name": "betterdeserttemples:chests/statue"
			}
		},
		{
			"weight": 1.0,
			"key": {
				"Type": "chest",
				"Name": "betterdeserttemples:chests/storage"
			}
		},
		{
			"weight": 1.0,
			"key": {
				"Type": "chest",
				"Name": "betterdeserttemples:chests/tomb"
			}
		},
		{
			"weight": 1.0,
			"key": {
				"Type": "chest",
				"Name": "betterdeserttemples:chests/tomb_pharaoh"
			}
		},
		{
			"weight": 1.0,
			"key": {
				"Type": "chest",
				"Name": "betterdeserttemples:chests/wardrobe"
			}
		}
	]
}
