{
	"elements": [
		{
			"weight": 1.0,
			"key": {
				"Category": "beneficial",
				"Color": 11171805,
				"Instant": false,
				"Name": "infinity:afterglow"
			}
		},
		{
			"weight": 1.0,
			"key": {
				"Category": "neutral",
				"Color": 16738047,
				"Instant": false,
				"Name": "infinity:iridescence"
			}
		},
		{
			"weight": 1.0,
			"key": {
				"Category": "neutral",
				"Color": 8930440,
				"Instant": false,
				"Name": "infinity:iridescent_cooldown"
			}
		},
		{
			"weight": 1.0,
			"key": {
				"Category": "neutral",
				"Color": 16711935,
				"Instant": true,
				"Name": "infinity:iridescent_setup"
			}
		}
	]
}
