{
	"elements": [
		{
			"weight": 1.0,
			"key": {
				"Category": "creature",
				"Name": "infinity:ant"
			}
		},
		{
			"weight": 1.0,
			"key": {
				"Category": "monster",
				"Name": "infinity:bishop"
			}
		},
		{
			"weight": 1.0,
			"key": {
				"Category": "monster",
				"Name": "infinity:chaos_creeper"
			}
		},
		{
			"weight": 1.0,
			"key": {
				"Category": "monster",
				"Name": "infinity:chaos_pawn"
			}
		},
		{
			"weight": 1.0,
			"key": {
				"Category": "monster",
				"Name": "infinity:chaos_skeleton"
			}
		},
		{
			"weight": 1.0,
			"key": {
				"Category": "monster",
				"Name": "infinity:chaos_slime"
			}
		}
	]
}
