{
	"elements": [
		{
			"weight": 1.0,
			"key": {
				"terrain_adaptation": "beard_thin",
				"spawn_overrides": {
				},
				"step": "surface_structures",
				"id": "infinity:missing"
			}
		},
		{
			"weight": 1.0,
			"key": {
				"terrain_adaptation": "none",
				"spawn_overrides": {
				},
				"step": "surface_structures",
				"id": "infinity:pyramid"
			}
		},
		{
			"weight": 1.0,
			"key": {
				"terrain_adaptation": "beard_thin",
				"spawn_overrides": {
				},
				"step": "surface_structures",
				"id": "infinity:terminal"
			}
		},
		{
			"weight": 1.0,
			"key": {
				"terrain_adaptation": "none",
				"spawn_overrides": {
				},
				"step": "surface_structures",
				"id": "infinity:isolation"
			}
		},
		{
			"weight": 1.0,
			"key": {
				"terrain_adaptation": "beard_thin",
				"spawn_overrides": {
				},
				"step": "surface_structures",
				"id": "infinity:content"
			}
		},
		{
			"weight": 1.0,
			"key": {
				"terrain_adaptation": "beard_thin",
				"spawn_overrides": {
				},
				"step": "surface_structures",
				"id": "infinity:indevhouse"
			}
		}
	]
}
