{
	"elements": [
		{
			"weight": 1.0,
			"key": "hauntedharvest:candy_corn"
		},
		{
			"weight": 1.0,
			"key": "hauntedharvest:carved_pumpkin"
		},
		{
			"weight": 1.0,
			"key": "hauntedharvest:corn"
		},
		{
			"weight": 1.0,
			"key": "hauntedharvest:corn_crate"
		},
		{
			"weight": 1.0,
			"key": "hauntedharvest:corn_on_the_cob"
		},
		{
			"weight": 1.0,
			"key": "hauntedharvest:cornbread"
		},
		{
			"weight": 1.0,
			"key": "hauntedharvest:grim_apple"
		},
		{
			"weight": 1.0,
			"key": "hauntedharvest:jack_o_lantern"
		},
		{
			"weight": 1.0,
			"key": "hauntedharvest:kernels"
		},
		{
			"weight": 1.0,
			"key": "hauntedharvest:paper_bag"
		},
		{
			"weight": 1.0,
			"key": "hauntedharvest:popcorn"
		},
		{
			"weight": 1.0,
			"key": "hauntedharvest:rotten_apple"
		},
		{
			"weight": 1.0,
			"key": "hauntedharvest:succotash"
		}
	]
}
