{
	"elements": [
		{
			"weight": 1.0,
			"key": {
				"top": true,
				"laggy": false,
				"float": true,
				"Name": "avaritia:compressed_crafting_table",
				"full": true
			}
		},
		{
			"weight": 1.0,
			"key": {
				"top": true,
				"laggy": true,
				"float": true,
				"Name": "avaritia:compressor",
				"full": true
			}
		},
		{
			"weight": 1.0,
			"key": {
				"top": true,
				"laggy": false,
				"float": true,
				"Name": "avaritia:crystal_matrix_block",
				"full": true
			}
		},
		{
			"weight": 1.0,
			"key": {
				"top": true,
				"laggy": false,
				"float": true,
				"Name": "avaritia:double_compressed_crafting_table",
				"full": true
			}
		},
		{
			"weight": 1.0,
			"key": {
				"top": true,
				"laggy": true,
				"float": true,
				"Name": "avaritia:extreme_crafting_table",
				"full": true
			}
		},
		{
			"weight": 1.0,
			"key": {
				"top": true,
				"laggy": false,
				"float": true,
				"Name": "avaritia:infinity_block",
				"full": true
			}
		},
		{
			"weight": 1.0,
			"key": {
				"top": true,
				"laggy": true,
				"float": true,
				"Name": "avaritia:infinity_chest",
				"full": false
			}
		},
		{
			"weight": 1.0,
			"key": {
				"top": true,
				"laggy": true,
				"float": true,
				"Name": "avaritia:neutron_collector",
				"full": true
			}
		},
		{
			"weight": 1.0,
			"key": {
				"top": true,
				"laggy": false,
				"float": true,
				"Name": "avaritia:neutronium_block",
				"full": true
			}
		}
	]
}
