{
	"elements": [
		{
			"weight": 1.0,
			"key": "minecraft:music.creative"
		},
		{
			"weight": 1.0,
			"key": "minecraft:music.credits"
		},
		{
			"weight": 1.0,
			"key": "minecraft:music.dragon"
		},
		{
			"weight": 1.0,
			"key": "minecraft:music.end"
		},
		{
			"weight": 1.0,
			"key": "minecraft:music.game"
		},
		{
			"weight": 1.0,
			"key": "minecraft:music.menu"
		},
		{
			"weight": 1.0,
			"key": "minecraft:music.nether.basalt_deltas"
		},
		{
			"weight": 1.0,
			"key": "minecraft:music.nether.crimson_forest"
		},
		{
			"weight": 1.0,
			"key": "minecraft:music.nether.nether_wastes"
		},
		{
			"weight": 1.0,
			"key": "minecraft:music.nether.soul_sand_valley"
		},
		{
			"weight": 1.0,
			"key": "minecraft:music.nether.warped_forest"
		},
		{
			"weight": 1.0,
			"key": "minecraft:music.overworld.badlands"
		},
		{
			"weight": 1.0,
			"key": "minecraft:music.overworld.bamboo_jungle"
		},
		{
			"weight": 1.0,
			"key": "minecraft:music.overworld.cherry_grove"
		},
		{
			"weight": 1.0,
			"key": "minecraft:music.overworld.deep_dark"
		},
		{
			"weight": 1.0,
			"key": "minecraft:music.overworld.desert"
		},
		{
			"weight": 1.0,
			"key": "minecraft:music.overworld.dripstone_caves"
		},
		{
			"weight": 1.0,
			"key": "minecraft:music.overworld.flower_forest"
		},
		{
			"weight": 1.0,
			"key": "minecraft:music.overworld.forest"
		},
		{
			"weight": 1.0,
			"key": "minecraft:music.overworld.frozen_peaks"
		},
		{
			"weight": 1.0,
			"key": "minecraft:music.overworld.grove"
		},
		{
			"weight": 1.0,
			"key": "minecraft:music.overworld.jagged_peaks"
		},
		{
			"weight": 1.0,
			"key": "minecraft:music.overworld.jungle"
		},
		{
			"weight": 1.0,
			"key": "minecraft:music.overworld.lush_caves"
		},
		{
			"weight": 1.0,
			"key": "minecraft:music.overworld.meadow"
		},
		{
			"weight": 1.0,
			"key": "minecraft:music.overworld.old_growth_taiga"
		},
		{
			"weight": 1.0,
			"key": "minecraft:music.overworld.snowy_slopes"
		},
		{
			"weight": 1.0,
			"key": "minecraft:music.overworld.sparse_jungle"
		},
		{
			"weight": 1.0,
			"key": "minecraft:music.overworld.stony_peaks"
		},
		{
			"weight": 1.0,
			"key": "minecraft:music.overworld.swamp"
		},
		{
			"weight": 1.0,
			"key": "minecraft:music.under_water"
		},
		{
			"weight": 1.0,
			"key": "minecraft:music_disc.11"
		},
		{
			"weight": 1.0,
			"key": "minecraft:music_disc.13"
		},
		{
			"weight": 1.0,
			"key": "minecraft:music_disc.5"
		},
		{
			"weight": 1.0,
			"key": "minecraft:music_disc.blocks"
		},
		{
			"weight": 1.0,
			"key": "minecraft:music_disc.cat"
		},
		{
			"weight": 1.0,
			"key": "minecraft:music_disc.chirp"
		},
		{
			"weight": 1.0,
			"key": "minecraft:music_disc.creator"
		},
		{
			"weight": 1.0,
			"key": "minecraft:music_disc.creator_music_box"
		},
		{
			"weight": 1.0,
			"key": "minecraft:music_disc.far"
		},
		{
			"weight": 1.0,
			"key": "minecraft:music_disc.mall"
		},
		{
			"weight": 1.0,
			"key": "minecraft:music_disc.mellohi"
		},
		{
			"weight": 1.0,
			"key": "minecraft:music_disc.otherside"
		},
		{
			"weight": 1.0,
			"key": "minecraft:music_disc.pigstep"
		},
		{
			"weight": 1.0,
			"key": "minecraft:music_disc.precipice"
		},
		{
			"weight": 1.0,
			"key": "minecraft:music_disc.relic"
		},
		{
			"weight": 1.0,
			"key": "minecraft:music_disc.stal"
		},
		{
			"weight": 1.0,
			"key": "minecraft:music_disc.strad"
		},
		{
			"weight": 1.0,
			"key": "minecraft:music_disc.wait"
		},
		{
			"weight": 1.0,
			"key": "minecraft:music_disc.ward"
		}
	]
}
