{
	"elements": [
		{
			"weight": 1.0,
			"key": {
				"top": true,
				"laggy": true,
				"float": true,
				"Name": "hauntedharvest:candy_bag",
				"full": false
			}
		},
		{
			"weight": 1.0,
			"key": {
				"top": true,
				"laggy": true,
				"float": true,
				"Name": "hauntedharvest:carved_pumpkin",
				"full": true
			}
		},
		{
			"weight": 1.0,
			"key": {
				"top": false,
				"laggy": false,
				"float": false,
				"Name": "hauntedharvest:corn_base",
				"full": false
			}
		},
		{
			"weight": 1.0,
			"key": {
				"top": true,
				"laggy": false,
				"float": true,
				"Name": "hauntedharvest:corn_crate",
				"full": true
			}
		},
		{
			"weight": 1.0,
			"key": {
				"top": false,
				"laggy": false,
				"float": false,
				"Name": "hauntedharvest:corn_middle",
				"full": false
			}
		},
		{
			"weight": 1.0,
			"key": {
				"top": false,
				"laggy": false,
				"float": false,
				"Name": "hauntedharvest:corn_top",
				"full": false
			}
		},
		{
			"weight": 1.0,
			"key": {
				"top": true,
				"laggy": true,
				"float": true,
				"Name": "hauntedharvest:jack_o_lantern",
				"full": true
			}
		},
		{
			"weight": 1.0,
			"key": {
				"top": true,
				"laggy": false,
				"float": false,
				"Name": "hauntedharvest:paper_bag",
				"full": false
			}
		},
		{
			"weight": 1.0,
			"key": {
				"top": true,
				"laggy": false,
				"float": true,
				"Name": "hauntedharvest:potted_corn",
				"full": false
			}
		}
	]
}
