{
	"elements": [
		{
			"weight": 1.0,
			"key": {
				"Category": "neutral",
				"Color": -16777216,
				"Instant": false,
				"Name": "xaeroworldmap:no_cave_maps"
			}
		},
		{
			"weight": 1.0,
			"key": {
				"Category": "harmful",
				"Color": -16777216,
				"Instant": false,
				"Name": "xaeroworldmap:no_cave_maps_harmful"
			}
		},
		{
			"weight": 1.0,
			"key": {
				"Category": "neutral",
				"Color": -16777216,
				"Instant": false,
				"Name": "xaeroworldmap:no_world_map"
			}
		},
		{
			"weight": 1.0,
			"key": {
				"Category": "harmful",
				"Color": -16777216,
				"Instant": false,
				"Name": "xaeroworldmap:no_world_map_harmful"
			}
		}
	]
}
