{
  "armoryHelmets": {
    "entries": {
      "minecraft:golden_helmet": 0.2,
      "minecraft:chainmail_helmet": 0.3
    },
    "defaultItem": "minecraft:air"
  },
  "wardrobeHelmets": {
    "entries": {
      "minecraft:chainmail_helmet": 0.2,
      "minecraft:leather_helmet": 0.4
    },
    "defaultItem": "minecraft:air"
  },
  "armoryChestplates": {
    "entries": {
      "minecraft:golden_chestplate": 0.2,
      "minecraft:chainmail_chestplate": 0.3
    },
    "defaultItem": "minecraft:air"
  },
  "wardrobeChestplates": {
    "entries": {
      "minecraft:leather_chestplate": 0.4,
      "minecraft:chainmail_chestplate": 0.2
    },
    "defaultItem": "minecraft:air"
  },
  "armoryLeggings": {
    "entries": {
      "minecraft:chainmail_leggings": 0.3,
      "minecraft:golden_leggings": 0.2
    },
    "defaultItem": "minecraft:air"
  },
  "wardrobeLeggings": {
    "entries": {
      "minecraft:chainmail_leggings": 0.2,
      "minecraft:leather_leggings": 0.4
    },
    "defaultItem": "minecraft:air"
  },
  "armoryBoots": {
    "entries": {
      "minecraft:golden_boots": 0.2,
      "minecraft:chainmail_boots": 0.3
    },
    "defaultItem": "minecraft:air"
  },
  "wardrobeBoots": {
    "entries": {
      "minecraft:leather_boots": 0.4,
      "minecraft:chainmail_boots": 0.2
    },
    "defaultItem": "minecraft:air"
  }
}