{
	"elements": [
		{
			"weight": 1.0,
			"key": "farmersdelight:block.cabinet.close"
		},
		{
			"weight": 1.0,
			"key": "farmersdelight:block.cabinet.open"
		},
		{
			"weight": 1.0,
			"key": "farmersdelight:block.cooking_pot.boil"
		},
		{
			"weight": 1.0,
			"key": "farmersdelight:block.cooking_pot.boil_soup"
		},
		{
			"weight": 1.0,
			"key": "farmersdelight:block.cutting_board.knife"
		},
		{
			"weight": 1.0,
			"key": "farmersdelight:block.skillet.add_food"
		},
		{
			"weight": 1.0,
			"key": "farmersdelight:block.skillet.sizzle"
		},
		{
			"weight": 1.0,
			"key": "farmersdelight:block.stove.crackle"
		},
		{
			"weight": 1.0,
			"key": "farmersdelight:block.tomato_bush.pick_tomatoes"
		},
		{
			"weight": 1.0,
			"key": "farmersdelight:entity.rotten_tomato.hit"
		},
		{
			"weight": 1.0,
			"key": "farmersdelight:entity.rotten_tomato.throw"
		},
		{
			"weight": 1.0,
			"key": "farmersdelight:item.skillet.attack.strong"
		},
		{
			"weight": 1.0,
			"key": "farmersdelight:item.skillet.attack.weak"
		}
	]
}
