{
	"elements": [
		{
			"weight": 1.0,
			"key": "farmersdelight:campfire_signal_smoke"
		},
		{
			"weight": 1.0,
			"key": "farmersdelight:compost_activators"
		},
		{
			"weight": 1.0,
			"key": "farmersdelight:does_not_survive/rich_soil"
		},
		{
			"weight": 1.0,
			"key": "farmersdelight:does_not_survive/rich_soil_farmland"
		},
		{
			"weight": 1.0,
			"key": "farmersdelight:drops_cake_slice"
		},
		{
			"weight": 1.0,
			"key": "farmersdelight:heat_conductors"
		},
		{
			"weight": 1.0,
			"key": "farmersdelight:heat_sources"
		},
		{
			"weight": 1.0,
			"key": "farmersdelight:mineable/knife"
		},
		{
			"weight": 1.0,
			"key": "farmersdelight:mushroom_colony_growable_on"
		},
		{
			"weight": 1.0,
			"key": "farmersdelight:ropes"
		},
		{
			"weight": 1.0,
			"key": "farmersdelight:straw_blocks"
		},
		{
			"weight": 1.0,
			"key": "farmersdelight:survives/rich_soil"
		},
		{
			"weight": 1.0,
			"key": "farmersdelight:survives/rich_soil_farmland"
		},
		{
			"weight": 1.0,
			"key": "farmersdelight:terrain"
		},
		{
			"weight": 1.0,
			"key": "farmersdelight:tray_heat_source"
		},
		{
			"weight": 1.0,
			"key": "farmersdelight:tray_heat_sources"
		},
		{
			"weight": 1.0,
			"key": "farmersdelight:unaffected_by_rich_soil"
		},
		{
			"weight": 1.0,
			"key": "farmersdelight:wild_crops"
		}
	]
}
