{
	"elements": [
		{
			"weight": 1.0,
			"key": "artifacts:anglers_hat"
		},
		{
			"weight": 1.0,
			"key": "artifacts:antidote_vessel"
		},
		{
			"weight": 1.0,
			"key": "artifacts:aqua_dashers"
		},
		{
			"weight": 1.0,
			"key": "artifacts:bunny_hoppers"
		},
		{
			"weight": 1.0,
			"key": "artifacts:charm_of_shrinking"
		},
		{
			"weight": 1.0,
			"key": "artifacts:charm_of_sinking"
		},
		{
			"weight": 1.0,
			"key": "artifacts:chorus_totem"
		},
		{
			"weight": 1.0,
			"key": "artifacts:cloud_in_a_bottle"
		},
		{
			"weight": 1.0,
			"key": "artifacts:cowboy_hat"
		},
		{
			"weight": 1.0,
			"key": "artifacts:cross_necklace"
		},
		{
			"weight": 1.0,
			"key": "artifacts:crystal_heart"
		},
		{
			"weight": 1.0,
			"key": "artifacts:digging_claws"
		},
		{
			"weight": 1.0,
			"key": "artifacts:eternal_steak"
		},
		{
			"weight": 1.0,
			"key": "artifacts:everlasting_beef"
		},
		{
			"weight": 1.0,
			"key": "artifacts:feral_claws"
		},
		{
			"weight": 1.0,
			"key": "artifacts:fire_gauntlet"
		},
		{
			"weight": 1.0,
			"key": "artifacts:flame_pendant"
		},
		{
			"weight": 1.0,
			"key": "artifacts:flippers"
		},
		{
			"weight": 1.0,
			"key": "artifacts:golden_hook"
		},
		{
			"weight": 1.0,
			"key": "artifacts:helium_flamingo"
		},
		{
			"weight": 1.0,
			"key": "artifacts:kitty_slippers"
		},
		{
			"weight": 1.0,
			"key": "artifacts:lucky_scarf"
		},
		{
			"weight": 1.0,
			"key": "artifacts:mimic_spawn_egg"
		},
		{
			"weight": 1.0,
			"key": "artifacts:night_vision_goggles"
		},
		{
			"weight": 1.0,
			"key": "artifacts:novelty_drinking_hat"
		},
		{
			"weight": 1.0,
			"key": "artifacts:obsidian_skull"
		},
		{
			"weight": 1.0,
			"key": "artifacts:onion_ring"
		},
		{
			"weight": 1.0,
			"key": "artifacts:panic_necklace"
		},
		{
			"weight": 1.0,
			"key": "artifacts:pickaxe_heater"
		},
		{
			"weight": 1.0,
			"key": "artifacts:plastic_drinking_hat"
		},
		{
			"weight": 1.0,
			"key": "artifacts:pocket_piston"
		},
		{
			"weight": 1.0,
			"key": "artifacts:power_glove"
		},
		{
			"weight": 1.0,
			"key": "artifacts:rooted_boots"
		},
		{
			"weight": 1.0,
			"key": "artifacts:running_shoes"
		},
		{
			"weight": 1.0,
			"key": "artifacts:scarf_of_invisibility"
		},
		{
			"weight": 1.0,
			"key": "artifacts:shock_pendant"
		},
		{
			"weight": 1.0,
			"key": "artifacts:snorkel"
		},
		{
			"weight": 1.0,
			"key": "artifacts:snowshoes"
		},
		{
			"weight": 1.0,
			"key": "artifacts:steadfast_spikes"
		},
		{
			"weight": 1.0,
			"key": "artifacts:strider_shoes"
		},
		{
			"weight": 1.0,
			"key": "artifacts:superstitious_hat"
		},
		{
			"weight": 1.0,
			"key": "artifacts:thorn_pendant"
		},
		{
			"weight": 1.0,
			"key": "artifacts:umbrella"
		},
		{
			"weight": 1.0,
			"key": "artifacts:universal_attractor"
		},
		{
			"weight": 1.0,
			"key": "artifacts:vampiric_glove"
		},
		{
			"weight": 1.0,
			"key": "artifacts:villager_hat"
		},
		{
			"weight": 1.0,
			"key": "artifacts:warp_drive"
		},
		{
			"weight": 1.0,
			"key": "artifacts:whoopee_cushion"
		},
		{
			"weight": 1.0,
			"key": "artifacts:withered_bracelet"
		}
	]
}
