{
  "spawn_target": [
    {
      "continentalness": [
        -0.11,
        1.0
      ],
      "depth": 0.0,
      "erosion": [
        -1.0,
        1.0
      ],
      "humidity": [
        -1.0,
        1.0
      ],
      "offset": 0.0,
      "temperature": [
        -1.0,
        1.0
      ],
      "weirdness": [
        -1.0,
        -0.16
      ]
    },
    {
      "continentalness": [
        -0.11,
        1.0
      ],
      "depth": 0.0,
      "erosion": [
        -1.0,
        1.0
      ],
      "humidity": [
        -1.0,
        1.0
      ],
      "offset": 0.0,
      "temperature": [
        -1.0,
        1.0
      ],
      "weirdness": [
        0.16,
        1.0
      ]
    }
  ]
}
