{
	"elements": [
		{
			"weight": 1.0,
			"key": "exlinecopperequipment:copper_axe"
		},
		{
			"weight": 1.0,
			"key": "exlinecopperequipment:copper_boots"
		},
		{
			"weight": 1.0,
			"key": "exlinecopperequipment:copper_chestplate"
		},
		{
			"weight": 1.0,
			"key": "exlinecopperequipment:copper_helmet"
		},
		{
			"weight": 1.0,
			"key": "exlinecopperequipment:copper_hoe"
		},
		{
			"weight": 1.0,
			"key": "exlinecopperequipment:copper_horse_armor"
		},
		{
			"weight": 1.0,
			"key": "exlinecopperequipment:copper_leggings"
		},
		{
			"weight": 1.0,
			"key": "exlinecopperequipment:copper_nugget"
		},
		{
			"weight": 1.0,
			"key": "exlinecopperequipment:copper_pickaxe"
		},
		{
			"weight": 1.0,
			"key": "exlinecopperequipment:copper_shovel"
		},
		{
			"weight": 1.0,
			"key": "exlinecopperequipment:copper_sword"
		}
	]
}
