{
  "infinity_version": 2004002,
  "generator": {
    "type": "minecraft:noise",
    "settings": {
      "sea_level": 25,
      "disable_mob_generation": false,
      "ore_veins_enabled": false,
      "aquifers_enabled": false,
      "legacy_random_source": false,
      "default_block": {
        "Name": "minecraft:stone"
      },
      "default_fluid": {
        "Name": "minecraft:water"
      },
      "spawn_target": [],
      "noise": {
        "min_y": 0,
        "height": 256,
        "size_horizontal": 2,
        "size_vertical": 2
      },
      "noise_router": {
        "vein_ridged": "infinity:vein_ridged",
        "fluid_level_spread": 0.0,
        "vegetation": "infinity:vegetation",
        "vein_gap": "infinity:vein_gap",
        "continents": "minecraft:overworld/continents",
        "initial_density_without_jaggedness": {
          "argument1": {
            "to_y": 64,
            "from_value": 1.0,
            "to_value": -1.0,
            "from_y": 0,
            "type": "minecraft:y_clamped_gradient"
          },
          "argument2": {
            "type": "minecraft:mul",
            "argument1": 0.1,
            "argument2": {
              "type": "minecraft:noise",
              "noise": "infinity:noise",
              "xz_scale": 1.0,
              "y_scale": 1.0
            }
          },
          "type": "minecraft:add"
        },
        "lava": 0.0,
        "barrier": 0.0,
        "depth": {
          "from_value": 1.5,
          "to_y": 256,
          "to_value": -1.5,
          "type": "minecraft:y_clamped_gradient",
          "from_y": 0
        },
        "ridges": "minecraft:overworld/ridges",
        "erosion": "minecraft:overworld/erosion",
        "temperature": "infinity:temperature",
        "final_density": {
          "argument1": {
            "to_y": 128,
            "from_value": 1.0,
            "to_value": -1.0,
            "from_y": 0,
            "type": "minecraft:y_clamped_gradient"
          },
          "argument2": {
            "type": "minecraft:mul",
            "argument1": 0.1,
            "argument2": {
              "type": "minecraft:noise",
              "noise": "infinity:noise",
              "xz_scale": 1.0,
              "y_scale": 1.0
            }
          },
          "type": "minecraft:add"
        },
        "vein_toggle": "infinity:vein_toggle",
        "fluid_level_floodedness": 0.0
      },
      "surface_rule": {
        "sequence": [
          {
            "type": "minecraft:condition",
            "if_true": {
              "invert": {
                "surface_depth_multiplier": 0,
                "anchor": {
                  "absolute": 1
                },
                "type": "y_above",
                "add_stone_depth": false
              },
              "type": "minecraft:not"
            },
            "then_run": {
              "type": "minecraft:block",
              "result_state": {
                "Name": "minecraft:bedrock"
              }
            }
          },
          {
            "type": "minecraft:condition",
            "if_true": {
              "add_surface_depth": false,
              "offset": 0,
              "secondary_depth_range": 0,
              "type": "minecraft:stone_depth",
              "surface_type": "floor"
            },
            "then_run": {
              "type": "minecraft:condition",
              "if_true": {
                "text": "Elephants are the largest living land animals. Three living species are currently recognised: the African bush elephant (Loxodonta africana), the African forest elephant (L. cyclotis), and the Asian elephant (Elephas maximus). They are the only surviving members of the family Elephantidae and the order Proboscidea; extinct relatives include mammoths and mastodons. Distinctive features of elephants include a long proboscis called a trunk, tusks, large ear flaps, pillar-like legs, and tough but sensitive grey skin. The trunk is prehensile, bringing food and water to the mouth and grasping objects. Tusks, which are derived from the incisor teeth, serve both as weapons and as tools for moving objects and digging. The large ear flaps assist in maintaining a constant body temperature as well as in communication. African elephants have larger ears and concave backs, whereas Asian elephants have smaller ears and convex or level backs.$nElephants are scattered throughout sub-Saharan Africa, South Asia, and Southeast Asia and are found in different habitats, including savannahs, forests, deserts, and marshes. They are herbivorous, and they stay near water when it is accessible. They are considered to be keystone species, due to their impact on their environments. Elephants have a fission–fusion society, in which multiple family groups come together to socialise. Females (cows) tend to live in family groups, which can consist of one female with her calves or several related females with offspring. The leader of a female group, usually the oldest cow, is known as the matriarch.$nMales (bulls) leave their family groups when they reach puberty and may live alone or with other males. Adult bulls mostly interact with family groups when looking for a mate. They enter a state of increased testosterone and aggression known as musth, which helps them gain dominance over other males as well as reproductive success. Calves are the centre of attention in their family groups and rely on their mothers for as long as three years. Elephants can live up to 70 years in the wild. They communicate by touch, sight, smell, and sound; elephants use infrasound and seismic communication over long distances. Elephant intelligence has been compared with that of primates and cetaceans. They appear to have self-awareness, and possibly show concern for dying and dead individuals of their kind.$nAfrican bush elephants and Asian elephants are listed as endangered and African forest elephants as critically endangered by the International Union for Conservation of Nature (IUCN). One of the biggest threats to elephant populations is the ivory trade, as the animals are poached for their ivory tusks. Other threats to wild elephants include habitat destruction and conflicts with local people. Elephants are used as working animals in Asia. In the past, they were used in war; today, they are often controversially put on display in zoos, or employed for entertainment in circuses. Elephants have an iconic status in human culture, and have been widely featured in art, folklore, religion, literature, and popular culture.",
                "type": "infinity:text",
                "max_width": 256
              },
              "then_run": {
                "type": "minecraft:block",
                "result_state": {
                  "Name": "minecraft:glowstone"
                }
              }
            }
          },
          {
            "type": "minecraft:condition",
            "if_true": {
              "add_surface_depth": false,
              "offset": 0,
              "secondary_depth_range": 0,
              "type": "minecraft:stone_depth",
              "surface_type": "floor"
            },
            "then_run": {
              "type": "minecraft:condition",
              "if_true": {
                "surface_depth_multiplier": 0,
                "offset": -1,
                "type": "minecraft:water",
                "add_stone_depth": false
              },
              "then_run": {
                "sequence": [
                  {
                    "type": "minecraft:condition",
                    "if_true": {
                      "surface_depth_multiplier": 0,
                      "offset": 0,
                      "type": "minecraft:water",
                      "add_stone_depth": false
                    },
                    "then_run": {
                      "type": "minecraft:block",
                      "result_state": {
                        "Properties": {
                          "snowy": "false"
                        },
                        "Name": "minecraft:grass_block"
                      }
                    }
                  },
                  {
                    "type": "minecraft:block",
                    "result_state": {
                      "Name": "minecraft:dirt"
                    }
                  }
                ],
                "type": "minecraft:sequence"
              }
            }
          },
          {
            "type": "minecraft:condition",
            "if_true": {
              "surface_depth_multiplier": -1,
              "offset": -6,
              "type": "minecraft:water",
              "add_stone_depth": true
            },
            "then_run": {
              "sequence": [
                {
                  "type": "minecraft:condition",
                  "if_true": {
                    "add_surface_depth": true,
                    "offset": 0,
                    "secondary_depth_range": 0,
                    "type": "minecraft:stone_depth",
                    "surface_type": "floor"
                  },
                  "then_run": {
                    "sequence": [
                      {
                        "type": "minecraft:block",
                        "result_state": {
                          "Name": "minecraft:dirt"
                        }
                      }
                    ],
                    "type": "minecraft:sequence"
                  }
                }
              ],
              "type": "minecraft:sequence"
            }
          },
          {
            "type": "minecraft:condition",
            "if_true": {
              "add_surface_depth": false,
              "offset": 0,
              "secondary_depth_range": 0,
              "type": "minecraft:stone_depth",
              "surface_type": "floor"
            },
            "then_run": {
              "sequence": [
                {
                  "type": "minecraft:condition",
                  "if_true": {
                    "add_surface_depth": false,
                    "offset": 0,
                    "secondary_depth_range": 0,
                    "type": "minecraft:stone_depth",
                    "surface_type": "ceiling"
                  },
                  "then_run": {
                    "type": "minecraft:block",
                    "result_state": {
                      "Name": "minecraft:stone"
                    }
                  }
                },
                {
                  "type": "minecraft:block",
                  "result_state": {
                    "Name": "minecraft:gravel"
                  }
                }
              ],
              "type": "minecraft:sequence"
            }
          }
        ],
        "type": "minecraft:sequence"
      }
    },
    "biome_source": {
      "type": "fixed",
      "biome": "minecraft:savanna"
    }
  }
}
