{
  "infinity_version": 2004002,
  "options": {
    "portal_color": 16776960
  },
  "type": "sponge",
  "generator": {
    "type": "minecraft:noise",
    "settings": {
      "sea_level": 0,
      "disable_mob_generation": false,
      "ore_veins_enabled": false,
      "aquifers_enabled": false,
      "legacy_random_source": false,
      "default_block": {
        "Name": "minecraft:sponge"
      },
      "default_fluid": {
        "Name": "minecraft:air"
      },
      "spawn_target": [],
      "noise": {
        "min_y": 0,
        "height": 256,
        "size_horizontal": 2,
        "size_vertical": 2
      },
      "noise_router": {
        "vein_ridged": "infinity:vein_ridged",
        "fluid_level_spread": 0.0,
        "vegetation": "infinity:vegetation",
        "vein_gap": "infinity:vein_gap",
        "continents": "minecraft:overworld/continents",
        "initial_density_without_jaggedness": {
          "type": "infinity:menger"
        },
        "lava": 0.0,
        "barrier": 0.0,
        "depth": {
          "from_value": 1.5,
          "to_y": 256,
          "to_value": -1.5,
          "type": "minecraft:y_clamped_gradient",
          "from_y": 0
        },
        "ridges": "minecraft:overworld/ridges",
        "erosion": "minecraft:overworld/erosion",
        "temperature": "infinity:temperature",
        "final_density": {
          "type": "infinity:menger",
          "max_y": 242
        },
        "vein_toggle": "infinity:vein_toggle",
        "fluid_level_floodedness": 0.0
      },
      "surface_rule": {
        "type": "minecraft:block",
        "result_state": {
          "Name": "minecraft:sponge"
        }
      }
    },
    "biome_source": {
      "type": "fixed",
      "biome": "infinity:sponge"
    }
  }
}
